ticker,entry_date,entry_price,exit_date,exit_price,pnl_pct,holding_days,exit_reason,position_size
CNX,2017-03-01,13.388374999999998,2017-04-03,13.99,4.46,33,DROPPED_FROM_TOP,20000.0
FCX,2017-03-01,12.643103610038755,2017-04-03,11.94,-5.55,33,DROPPED_FROM_TOP,20000.0
NVDA,2017-03-01,2.534055228233337,2017-04-03,2.67,5.44,33,REBALANCE_ADJUST,20000.0
OKE,2017-03-01,31.40809905815124,2017-04-03,31.36,-0.14,33,REBALANCE_ADJUST,20000.0
URI,2017-03-01,128.73234825134276,2017-04-03,119.53,-7.15,33,REBALANCE_ADJUST,20000.0
CSX,2017-04-03,13.715911682128905,2017-05-01,15.13,10.34,28,DROPPED_FROM_TOP,19878.51
MU,2017-04-03,27.960150770187376,2017-05-01,27.62,-1.22,28,REBALANCE_ADJUST,19878.51
NVDA,2017-04-03,2.671863654375076,2017-05-01,2.63,-1.61,28,REBALANCE_ADJUST,19878.51
OKE,2017-04-03,31.3627351360321,2017-05-01,30.41,-3.05,28,REBALANCE_ADJUST,19878.51
URI,2017-04-03,119.53301070404052,2017-05-01,105.1,-12.07,28,REBALANCE_ADJUST,19878.51
MU,2017-05-01,27.618466501235957,2017-06-01,30.03,8.73,31,REBALANCE_ADJUST,19569.13
NVDA,2017-05-01,2.628967684268951,2017-06-01,3.56,35.51,31,REBALANCE_ADJUST,19569.13
OKE,2017-05-01,30.407351079940792,2017-06-01,28.88,-5.04,31,DROPPED_FROM_TOP,19569.13
RF,2017-05-01,9.811901327133178,2017-06-01,9.74,-0.78,31,DROPPED_FROM_TOP,19569.13
URI,2017-05-01,105.10179244995116,2017-06-01,105.94,0.8,31,DROPPED_FROM_TOP,19569.13
AMAT,2017-06-01,41.775345672607415,2017-07-03,37.24,-10.85,32,REBALANCE_ADJUST,21117.38
MU,2017-06-01,30.02983580398559,2017-07-03,28.45,-5.27,32,REBALANCE_ADJUST,21117.38
NVDA,2017-06-01,3.562617724895477,2017-07-03,3.44,-3.48,32,REBALANCE_ADJUST,21117.38
STX,2017-06-01,29.70312201118469,2017-07-03,27.08,-8.82,32,DROPPED_FROM_TOP,21117.38
AMAT,2017-07-03,37.243615863800045,2017-08-01,39.97,7.32,29,DROPPED_FROM_TOP,19907.23
CSX,2017-07-03,16.098054094314573,2017-08-01,14.36,-10.81,29,REBALANCE_ADJUST,19907.23
MU,2017-07-03,28.44828260993957,2017-08-01,27.67,-2.75,29,REBALANCE_ADJUST,19907.23
NVDA,2017-07-03,3.438483628749847,2017-08-01,4.06,18.06,29,REBALANCE_ADJUST,19907.23
WDC,2017-07-03,58.23096331787109,2017-08-01,58.49,0.45,29,REBALANCE_ADJUST,19907.23
BBY,2017-08-01,43.222878643035884,2017-09-01,39.51,-8.59,31,DROPPED_FROM_TOP,20391.84
CSX,2017-08-01,14.357964875221251,2017-09-01,14.74,2.64,31,DROPPED_FROM_TOP,20391.84
MU,2017-08-01,27.66727663040161,2017-09-01,31.83,15.03,31,REBALANCE_ADJUST,20391.84
NVDA,2017-08-01,4.059398494243621,2017-09-01,4.21,3.72,31,REBALANCE_ADJUST,20391.84
WDC,2017-08-01,58.49040829467773,2017-09-01,61.73,5.53,31,REBALANCE_ADJUST,20391.84
MU,2017-09-01,31.826155475616453,2017-10-02,39.06,22.73,31,REBALANCE_ADJUST,21146.11
NFLX,2017-09-01,17.491474931716915,2017-10-02,17.68,1.1,31,DROPPED_FROM_TOP,21146.11
NVDA,2017-09-01,4.210434484481811,2017-10-02,4.42,5.01,31,REBALANCE_ADJUST,21146.11
WDC,2017-09-01,61.72658572769164,2017-10-02,57.26,-7.24,31,REBALANCE_ADJUST,21146.11
HAR,2017-10-02,11661.649999999998,2017-11-01,9779.77,-16.14,30,REBALANCE_ADJUST,22055.43
MU,2017-10-02,39.060257656097406,2017-11-01,43.33,10.92,30,REBALANCE_ADJUST,22055.43
NRG,2017-10-02,21.047345823287962,2017-11-01,20.46,-2.78,30,REBALANCE_ADJUST,22055.43
NVDA,2017-10-02,4.421375767707824,2017-11-01,5.12,15.75,30,REBALANCE_ADJUST,22055.43
WDC,2017-10-02,57.25643706130981,2017-11-01,61.15,6.8,30,DROPPED_FROM_TOP,22055.43
BA,2017-11-01,245.2764645385742,2017-12-01,258.36,5.34,30,DROPPED_FROM_TOP,22693.89
HAR,2017-11-01,9779.769999999999,2017-12-01,10510.5,7.47,30,REBALANCE_ADJUST,22693.89
MU,2017-11-01,43.32653596878051,2017-12-01,40.99,-5.39,30,REBALANCE_ADJUST,22693.89
NRG,2017-11-01,20.463018030166623,2017-12-01,23.03,12.52,30,REBALANCE_ADJUST,22693.89
NVDA,2017-11-01,5.117928195476531,2017-12-01,4.89,-4.53,30,REBALANCE_ADJUST,22693.89
BBBY,2017-12-01,42.342299236297606,2018-01-02,64.71,52.84,32,REBALANCE_ADJUST,23392.96
HAR,2017-12-01,10510.499999999998,2018-01-02,8618.61,-18.0,32,REBALANCE_ADJUST,23392.96
MU,2017-12-01,40.99326096343994,2018-01-02,42.63,4.0,32,REBALANCE_ADJUST,23392.96
NRG,2017-12-01,23.025012355804442,2018-01-02,23.81,3.4,32,REBALANCE_ADJUST,23392.96
NVDA,2017-12-01,4.886173635482788,2018-01-02,4.93,0.84,32,REBALANCE_ADJUST,23392.96
BBBY,2018-01-02,64.71465152740478,2018-02-01,66.72,3.09,30,REBALANCE_ADJUST,25396.99
HAR,2018-01-02,8618.609999999999,2018-02-01,9269.26,7.55,30,REBALANCE_ADJUST,25396.99
MU,2018-01-02,42.633376766204826,2018-02-01,41.4,-2.9,30,DROPPED_FROM_TOP,25396.99
NRG,2018-01-02,23.80761447334289,2018-02-01,21.8,-8.44,30,REBALANCE_ADJUST,25396.99
NVDA,2018-01-02,4.92745127248764,2018-02-01,5.93,20.4,30,DROPPED_FROM_TOP,25396.99
BBBY,2018-02-01,66.71665152740478,2018-03-01,57.81,-13.35,28,REBALANCE_ADJUST,26419.05
FSLR,2018-02-01,67.61755305480956,2018-03-01,62.15,-8.08,28,REBALANCE_ADJUST,26419.05
HAR,2018-02-01,9269.259999999998,2018-03-01,10510.5,13.39,28,REBALANCE_ADJUST,26419.05
NRG,2018-02-01,21.79791062545776,2018-03-01,22.16,1.65,28,DROPPED_FROM_TOP,26419.05
VRTX,2018-02-01,173.1629954986572,2018-03-01,165.66,-4.33,28,DROPPED_FROM_TOP,26419.05
BBBY,2018-03-01,57.80774999999999,2018-04-02,32.88,-43.12,32,REBALANCE_ADJUST,25851.64
FSLR,2018-03-01,62.15209015274047,2018-04-02,69.32,11.53,32,DROPPED_FROM_TOP,25851.64
HAR,2018-03-01,10510.499999999998,2018-04-02,8808.8,-16.19,32,REBALANCE_ADJUST,25851.64
NVDA,2018-03-01,5.743238645553588,2018-04-02,5.47,-4.81,32,REBALANCE_ADJUST,25851.64
PYPL,2018-03-01,78.0427551345825,2018-04-02,74.28,-4.82,32,DROPPED_FROM_TOP,25851.64
BA,2018-04-02,309.1086961364746,2018-05-01,315.28,2.0,29,DROPPED_FROM_TOP,22887.43
BBBY,2018-04-02,32.882848472595214,2018-05-01,38.29,16.44,29,REBALANCE_ADJUST,22887.43
HAR,2018-04-02,8808.8,2018-05-01,5755.75,-34.66,29,REBALANCE_ADJUST,22887.43
NFLX,2018-04-02,28.057028327941893,2018-05-01,31.36,11.78,29,REBALANCE_ADJUST,22887.43
NVDA,2018-04-02,5.467218940258025,2018-05-01,5.62,2.76,29,REBALANCE_ADJUST,22887.43
BBBY,2018-05-01,38.28825,2018-06-01,34.03,-11.11,31,REBALANCE_ADJUST,22798.07
FSLR,2018-05-01,67.57751213836669,2018-06-01,66.0,-2.34,31,REBALANCE_ADJUST,22798.07
HAR,2018-05-01,5755.749999999999,2018-06-01,5864.13,1.88,31,DROPPED_FROM_TOP,22798.07
NFLX,2018-05-01,31.361329923629757,2018-06-01,36.03,14.88,31,REBALANCE_ADJUST,22798.07
NVDA,2018-05-01,5.617843008518219,2018-06-01,6.38,13.49,31,REBALANCE_ADJUST,22798.07
BBBY,2018-06-01,34.034,2018-07-02,33.98,-0.15,31,REBALANCE_ADJUST,23563.47
FSLR,2018-06-01,65.99593030548095,2018-07-02,53.0,-19.7,31,DROPPED_FROM_TOP,23563.47
NFLX,2018-06-01,36.028993030548094,2018-07-02,39.86,10.63,31,REBALANCE_ADJUST,23563.47
NRG,2018-06-01,27.993627664566038,2018-07-02,25.52,-8.85,31,DROPPED_FROM_TOP,23563.47
NVDA,2018-06-01,6.375642936229705,2018-07-02,5.98,-6.16,31,DROPPED_FROM_TOP,23563.47
BBBY,2018-07-02,33.98395076370239,2018-08-01,35.54,4.57,30,REBALANCE_ADJUST,22438.58
FOSL,2018-07-02,27.147120840072628,2018-08-01,26.42,-2.69,30,REBALANCE_ADJUST,22438.58
NFLX,2018-07-02,39.857818794250484,2018-08-01,33.87,-15.02,30,REBALANCE_ADJUST,22438.58
VLO,2018-07-02,79.86149710845946,2018-08-01,85.21,6.7,30,DROPPED_FROM_TOP,22438.58
BBBY,2018-08-01,35.5355,2018-09-04,30.68,-13.66,34,REBALANCE_ADJUST,22138.62
FOSL,2018-08-01,26.416389389038084,2018-09-04,22.22,-15.88,34,REBALANCE_ADJUST,22138.62
NFLX,2018-08-01,33.87183925247192,2018-09-04,36.32,7.24,34,DROPPED_FROM_TOP,22138.62
NTAP,2018-08-01,63.96199990844726,2018-09-04,71.45,11.71,34,DROPPED_FROM_TOP,22138.62
URBN,2018-08-01,43.73368862533569,2018-09-04,48.31,10.46,34,REBALANCE_ADJUST,22138.62
BBBY,2018-09-04,30.6806496181488,2018-10-01,28.34,-7.62,27,DROPPED_FROM_TOP,22137.97
FOSL,2018-09-04,22.22220076370239,2018-10-01,21.34,-3.96,27,REBALANCE_ADJUST,22137.97
GWW,2018-09-04,321.90419369506833,2018-10-01,322.02,0.04,27,REBALANCE_ADJUST,22137.97
THC,2018-09-04,32.86283183288574,2018-10-01,28.02,-14.73,27,DROPPED_FROM_TOP,22137.97
URBN,2018-09-04,48.30825831985473,2018-10-01,40.08,-17.03,27,REBALANCE_ADJUST,22137.97
FOSL,2018-10-01,21.34131969451904,2018-11-01,23.24,8.91,31,REBALANCE_ADJUST,20218.43
GWW,2018-10-01,322.02183441162106,2018-11-01,259.17,-19.52,31,REBALANCE_ADJUST,20218.43
NFLX,2018-10-01,38.18114455795288,2018-11-01,31.77,-16.79,31,REBALANCE_ADJUST,20218.43
URBN,2018-10-01,40.08004091644287,2018-11-01,40.03,-0.13,31,DROPPED_FROM_TOP,20218.43
AMZN,2018-11-01,83.35977338409423,2018-12-03,88.53,6.2,32,DROPPED_FROM_TOP,19103.02
FOSL,2018-11-01,23.243219312667843,2018-12-03,20.71,-10.9,32,REBALANCE_ADJUST,19103.02
GWW,2018-11-01,259.173282043457,2018-12-03,287.66,10.99,32,DROPPED_FROM_TOP,19103.02
NFLX,2018-11-01,31.769738870620724,2018-12-03,29.0,-8.72,32,DROPPED_FROM_TOP,19103.02
NTAP,2018-11-01,65.03069448852538,2018-12-03,57.1,-12.2,32,DROPPED_FROM_TOP,19103.02
AAP,2018-12-03,156.00681837463378,2019-01-02,138.27,-11.37,30,DROPPED_FROM_TOP,18563.22
FOSL,2018-12-03,20.710690534591674,2019-01-02,16.62,-19.77,30,REBALANCE_ADJUST,18563.22
M,2018-12-03,25.052409278869625,2019-01-02,22.66,-9.57,30,DROPPED_FROM_TOP,18563.22
UAA,2018-12-03,24.013989770889278,2019-01-02,17.79,-25.91,30,DROPPED_FROM_TOP,18563.22
FOSL,2019-01-02,16.616600381851196,2019-02-01,16.77,0.94,30,ABSOLUTE_MOMENTUM_OFF,16084.7
HCA,2019-01-02,114.47937813568115,2019-02-01,131.09,14.51,30,ABSOLUTE_MOMENTUM_OFF,16084.7
THC,2019-01-02,17.787770458221434,2019-02-01,22.08,24.12,30,ABSOLUTE_MOMENTUM_OFF,16084.7
TRIP,2019-01-02,48.264738739013666,2019-02-01,51.19,6.06,30,ABSOLUTE_MOMENTUM_OFF,16084.7
AES,2019-04-01,13.748672605514525,2019-05-01,13.07,-4.94,30,REBALANCE_ADJUST,17546.23
ANDV,2019-04-01,153.65349999999998,2019-05-01,153.35,-0.2,30,DROPPED_FROM_TOP,17546.23
CMG,2019-04-01,14.128915253639219,2019-05-01,13.78,-2.43,30,REBALANCE_ADJUST,17546.23
LLY,2019-04-01,117.76242780303954,2019-05-01,107.84,-8.42,30,REBALANCE_ADJUST,17546.23
SE,2019-04-01,23.373350381851193,2019-05-01,24.99,6.94,30,REBALANCE_ADJUST,17546.23
AES,2019-05-01,13.070088663101195,2019-06-03,12.3,-5.93,33,DROPPED_FROM_TOP,17218.26
AZO,2019-05-01,1024.9239244384764,2019-06-03,1038.69,1.34,33,REBALANCE_ADJUST,17218.26
CMG,2019-05-01,13.784971380233763,2019-06-03,12.85,-6.81,33,REBALANCE_ADJUST,17218.26
LLY,2019-05-01,107.84318619537352,2019-06-03,106.94,-0.84,33,DROPPED_FROM_TOP,17218.26
SE,2019-05-01,24.994969312667845,2019-06-03,28.0,12.01,33,REBALANCE_ADJUST,17218.26
AZO,2019-06-03,1038.6876744384765,2019-07-01,1099.89,5.89,28,REBALANCE_ADJUST,17217.03
CMG,2019-06-03,12.846033655166625,2019-07-01,14.49,12.82,28,DROPPED_FROM_TOP,17217.03
QCOM,2019-06-03,56.41892283248901,2019-07-01,66.08,17.12,28,DROPPED_FROM_TOP,17217.03
SE,2019-06-03,27.997969312667845,2019-07-01,34.3,22.52,28,REBALANCE_ADJUST,17217.03
VRSN,2019-06-03,186.68723315429685,2019-07-01,207.92,11.38,28,DROPPED_FROM_TOP,17217.03
AZO,2019-07-01,1099.8888291015624,2019-08-01,1103.92,0.37,31,REBALANCE_ADJUST,19626.09
CHD,2019-07-01,67.71784245300292,2019-08-01,68.3,0.86,31,DROPPED_FROM_TOP,19626.09
MKC,2019-07-01,67.93573438262939,2019-08-01,68.8,1.28,31,DROPPED_FROM_TOP,19626.09
SE,2019-07-01,34.30427045822143,2019-08-01,35.33,2.98,31,REBALANCE_ADJUST,19626.09
AZO,2019-08-01,1103.9227662353514,2019-09-03,1103.93,0.0,33,REBALANCE_ADJUST,19837.22
CINF,2019-08-01,89.54159294891356,2019-09-03,94.74,5.8,33,DROPPED_FROM_TOP,19837.22
CMG,2019-08-01,15.824409026145933,2019-09-03,16.57,4.74,33,REBALANCE_ADJUST,19837.22
SBUX,2019-08-01,81.84382413482665,2019-09-03,83.35,1.84,33,REBALANCE_ADJUST,19837.22
SE,2019-08-01,35.32529091644287,2019-09-03,30.91,-12.5,33,REBALANCE_ADJUST,19837.22
AZO,2019-09-03,1103.9327860107421,2019-10-01,1082.59,-1.93,28,DROPPED_FROM_TOP,19821.19
CMG,2019-09-03,16.573957149505613,2019-10-01,16.59,0.12,28,REBALANCE_ADJUST,19821.19
HSY,2019-09-03,136.43005596923825,2019-10-01,132.13,-3.15,28,REBALANCE_ADJUST,19821.19
SBUX,2019-09-03,83.35129628753661,2019-10-01,74.51,-10.6,28,REBALANCE_ADJUST,19821.19
SE,2019-09-03,30.910879159927365,2019-10-01,31.32,1.33,28,REBALANCE_ADJUST,19821.19
CMG,2019-10-01,16.593376192092894,2019-11-01,15.39,-7.26,31,REBALANCE_ADJUST,19256.54
HSY,2019-10-01,132.13061006164548,2019-11-01,121.8,-7.82,31,DROPPED_FROM_TOP,19256.54
SBUX,2019-10-01,74.51400713348387,2019-11-01,71.53,-4.01,31,DROPPED_FROM_TOP,19256.54
SE,2019-10-01,31.321290916442866,2019-11-01,29.93,-4.44,31,REBALANCE_ADJUST,19256.54
AMT,2019-11-01,178.50347468566892,2019-12-02,173.23,-2.96,31,DROPPED_FROM_TOP,18361.83
CMG,2019-11-01,15.387972201347349,2019-12-02,16.29,5.87,31,REBALANCE_ADJUST,18361.83
KLAC,2019-11-01,15.945155147552489,2019-12-02,14.97,-6.14,31,REBALANCE_ADJUST,18361.83
LRCX,2019-11-01,25.804043264389037,2019-12-02,24.38,-5.51,31,REBALANCE_ADJUST,18361.83
SE,2019-11-01,29.929899618148802,2019-12-02,36.61,22.31,31,REBALANCE_ADJUST,18361.83
CMG,2019-12-02,16.29187603378296,2020-01-02,17.18,5.46,31,REBALANCE_ADJUST,18848.97
KLAC,2019-12-02,14.966632818222044,2020-01-02,16.97,13.36,31,REBALANCE_ADJUST,18848.97
LRCX,2019-12-02,24.38336779785156,2020-01-02,27.74,13.78,31,REBALANCE_ADJUST,18848.97
SE,2019-12-02,36.60656969451904,2020-01-02,40.08,9.49,31,REBALANCE_ADJUST,18848.97
CMG,2020-01-02,17.180963085174557,2020-02-03,17.33,0.86,32,DROPPED_FROM_TOP,20430.41
KLAC,2020-01-02,16.965461544036863,2020-02-03,15.79,-6.92,32,REBALANCE_ADJUST,20430.41
LRCX,2020-01-02,27.74344830703735,2020-02-03,28.73,3.54,32,REBALANCE_ADJUST,20430.41
SE,2020-01-02,40.08004091644287,2020-02-03,46.42,15.81,32,REBALANCE_ADJUST,20430.41
KLAC,2020-02-03,15.79087867259979,2020-03-02,14.79,-6.31,28,DROPPED_FROM_TOP,20981.5
LRCX,2020-02-03,28.726001075744627,2020-03-02,27.97,-2.63,28,REBALANCE_ADJUST,20981.5
SE,2020-02-03,46.416368930816645,2020-03-02,48.09,3.6,28,REBALANCE_ADJUST,20981.5
TGT,2020-02-03,94.2243105392456,2020-03-02,91.67,-2.71,28,DROPPED_FROM_TOP,20981.5
AAPL,2020-03-02,72.20589230346678,2020-04-01,58.21,-19.38,30,REBALANCE_ADJUST,20651.97
LRCX,2020-03-02,27.970693681716917,2020-04-01,20.92,-25.19,30,REBALANCE_ADJUST,20651.97
NVDA,2020-03-02,6.882621996402739,2020-04-01,6.05,-12.07,30,REBALANCE_ADJUST,20651.97
QCOM,2020-03-02,69.89071322631835,2020-04-01,57.51,-17.71,30,DROPPED_FROM_TOP,20651.97
SE,2020-03-02,48.088040916442864,2020-04-01,43.21,-10.14,30,REBALANCE_ADJUST,20651.97
AAPL,2020-04-01,58.214677364349356,2020-05-01,69.71,19.75,30,ABSOLUTE_MOMENTUM_OFF,17152.41
LRCX,2020-04-01,20.924210268020627,2020-05-01,21.98,5.02,30,ABSOLUTE_MOMENTUM_OFF,17152.41
NVDA,2020-04-01,6.05201736497879,2020-05-01,7.03,16.1,30,ABSOLUTE_MOMENTUM_OFF,17152.41
SE,2020-04-01,43.213168167114254,2020-05-01,54.73,26.64,30,ABSOLUTE_MOMENTUM_OFF,17152.41
HUM,2020-06-01,380.1477733764648,2020-07-01,370.6,-2.51,30,DROPPED_FROM_TOP,19479.01
NEM,2020-06-01,50.72811426544189,2020-07-01,51.58,1.67,30,DROPPED_FROM_TOP,19479.01
NVDA,2020-06-01,8.770406962394713,2020-07-01,9.5,8.27,30,REBALANCE_ADJUST,19479.01
REGN,2020-06-01,595.1538854980469,2020-07-01,604.78,1.62,30,REBALANCE_ADJUST,19479.01
SE,2020-06-01,82.55247122192382,2020-07-01,114.57,38.79,30,REBALANCE_ADJUST,19479.01
AAPL,2020-07-01,88.2234960784912,2020-08-03,105.58,19.68,33,REBALANCE_ADJUST,21336.79
BBBY,2020-07-01,30.10006969451904,2020-08-03,83.04,175.89,33,REBALANCE_ADJUST,21336.79
NVDA,2020-07-01,9.495541429519653,2020-08-03,10.97,15.53,33,REBALANCE_ADJUST,21336.79
REGN,2020-07-01,604.7839893798828,2020-08-03,640.53,5.91,33,REBALANCE_ADJUST,21336.79
SE,2020-07-01,114.57445908355712,2020-08-03,132.88,15.98,33,REBALANCE_ADJUST,21336.79
AAPL,2020-08-03,105.58182522583007,2020-09-01,130.28,23.39,29,REBALANCE_ADJUST,31253.79
BBBY,2020-08-03,83.04295908355712,2020-09-01,88.52,6.59,29,REBALANCE_ADJUST,31253.79
NVDA,2020-08-03,10.970440720558166,2020-09-01,13.78,25.57,29,REBALANCE_ADJUST,31253.79
REGN,2020-08-03,640.534731262207,2020-09-01,587.24,-8.32,29,DROPPED_FROM_TOP,31253.79
SE,2020-08-03,132.88275,2020-09-01,161.96,21.88,29,REBALANCE_ADJUST,31253.79
AAPL,2020-09-01,130.28118252563476,2020-10-01,113.4,-12.96,30,REBALANCE_ADJUST,35581.21
BBBY,2020-09-01,88.51843030548095,2020-10-01,83.95,-5.16,30,REBALANCE_ADJUST,35581.21
NVDA,2020-09-01,13.775149212837217,2020-10-01,13.57,-1.49,30,REBALANCE_ADJUST,35581.21
SE,2020-09-01,161.96180305480956,2020-10-01,160.16,-1.11,30,REBALANCE_ADJUST,35581.21
AAPL,2020-10-01,113.39649396514892,2020-11-02,105.61,-6.87,32,REBALANCE_ADJUST,34103.6
ADT,2020-10-01,7.135250452041626,2020-11-02,5.86,-17.93,32,DROPPED_FROM_TOP,34103.6
BBBY,2020-10-01,83.95387274932861,2020-11-02,58.44,-30.39,32,REBALANCE_ADJUST,34103.6
NVDA,2020-10-01,13.569331418037413,2020-11-02,12.54,-7.59,32,REBALANCE_ADJUST,34103.6
SE,2020-10-01,160.15999999999997,2020-11-02,159.83,-0.21,32,REBALANCE_ADJUST,34103.6
AAPL,2020-11-02,105.6095323486328,2020-12-01,119.12,12.79,29,DROPPED_FROM_TOP,29815.44
BBBY,2020-11-02,58.43838106918334,2020-12-01,63.2,8.15,29,REBALANCE_ADJUST,29815.44
NVDA,2020-11-02,12.53901288318634,2020-12-01,13.35,6.43,29,REBALANCE_ADJUST,29815.44
SE,2020-11-02,159.82966816711425,2020-12-01,177.56,11.09,29,REBALANCE_ADJUST,29815.44
BBBY,2020-12-01,63.20313938903808,2021-01-04,49.51,-21.67,34,REBALANCE_ADJUST,32115.45
GME,2020-12-01,3.953950047731399,2021-01-04,4.32,9.18,34,REBALANCE_ADJUST,32115.45
NVDA,2020-12-01,13.34557807254791,2021-01-04,13.07,-2.04,34,REBALANCE_ADJUST,32115.45
SE,2020-12-01,177.5573848876953,2021-01-04,196.26,10.53,34,REBALANCE_ADJUST,32115.45
BBBY,2021-01-04,49.509459083557125,2021-02-01,79.6,60.78,28,REBALANCE_ADJUST,31846.18
GME,2021-01-04,4.316812499999999,2021-02-01,56.31,1204.35,28,REBALANCE_ADJUST,31846.18
NVDA,2021-01-04,13.073857534408567,2021-02-01,13.2,0.94,28,REBALANCE_ADJUST,31846.18
SE,2021-01-04,196.2560575561523,2021-02-01,233.76,19.11,28,REBALANCE_ADJUST,31846.18
BBBY,2021-02-01,79.59951663970946,2021-03-01,73.1,-8.16,28,REBALANCE_ADJUST,113620.34
GME,2021-02-01,56.30624999999999,2021-03-01,30.13,-46.49,28,REBALANCE_ADJUST,113620.34
NVDA,2021-02-01,13.196982588768003,2021-03-01,13.77,4.36,28,DROPPED_FROM_TOP,113620.34
PYPL,2021-02-01,240.01322621154782,2021-03-01,271.01,12.91,28,DROPPED_FROM_TOP,113620.34
SE,2021-02-01,233.76352877807614,2021-03-01,248.76,6.41,28,REBALANCE_ADJUST,113620.34
BBBY,2021-03-01,73.10302877807617,2021-04-01,68.77,-5.93,31,REBALANCE_ADJUST,106684.07
EQT,2021-03-01,17.24130702972412,2021-04-01,17.69,2.61,31,DROPPED_FROM_TOP,106684.07
GME,2021-03-01,30.130100381851193,2021-04-01,47.91,59.01,31,REBALANCE_ADJUST,106684.07
SE,2021-03-01,248.75850450134274,2021-04-01,236.69,-4.85,31,REBALANCE_ADJUST,106684.07
BBBY,2021-04-01,68.76869694519043,2021-05-03,82.58,20.09,32,REBALANCE_ADJUST,117488.02
FOSL,2021-04-01,12.492479541778563,2021-05-03,13.11,4.92,32,DROPPED_FROM_TOP,117488.02
GME,2021-04-01,47.9103617362976,2021-05-03,40.59,-15.28,32,REBALANCE_ADJUST,117488.02
RRC,2021-04-01,10.62406827354431,2021-05-03,10.39,-2.18,32,DROPPED_FROM_TOP,117488.02
SE,2021-04-01,236.6864469451904,2021-05-03,254.87,7.68,32,REBALANCE_ADJUST,117488.02
BBBY,2021-05-03,82.5825,2021-06-01,85.75,3.83,29,REBALANCE_ADJUST,121092.6
CPRI,2021-05-03,57.46740984725952,2021-06-01,56.21,-2.18,29,DROPPED_FROM_TOP,121092.6
GME,2021-05-03,40.590549236297605,2021-06-01,62.32,53.53,29,REBALANCE_ADJUST,121092.6
SE,2021-05-03,254.87461511230467,2021-06-01,257.8,1.15,29,REBALANCE_ADJUST,121092.6
SIG,2021-05-03,59.44550596237182,2021-06-01,59.53,0.14,29,REBALANCE_ADJUST,121092.6
BBBY,2021-06-01,85.74566366577147,2021-07-01,90.37,5.39,30,REBALANCE_ADJUST,134706.03
FCX,2021-06-01,41.316494182586666,2021-07-01,34.66,-16.1,30,REBALANCE_ADJUST,134706.03
GME,2021-06-01,62.317256069183344,2021-07-01,51.14,-17.93,30,REBALANCE_ADJUST,134706.03
SE,2021-06-01,257.79754855346675,2021-07-01,272.04,5.52,30,DROPPED_FROM_TOP,134706.03
SIG,2021-06-01,59.530498401641836,2021-07-01,75.36,26.59,30,REBALANCE_ADJUST,134706.03
BBBY,2021-07-01,90.37027877807616,2021-08-02,67.68,-25.11,32,DROPPED_FROM_TOP,135647.93
FCX,2021-07-01,34.66249270248413,2021-08-02,34.23,-1.26,32,DROPPED_FROM_TOP,135647.93
FOSL,2021-07-01,14.514499999999998,2021-08-02,12.57,-13.41,32,DROPPED_FROM_TOP,135647.93
GME,2021-07-01,51.141090152740475,2021-08-02,39.45,-22.86,32,REBALANCE_ADJUST,135647.93
SIG,2021-07-01,75.35744769287109,2021-08-02,61.93,-17.82,32,REBALANCE_ADJUST,135647.93
CPRI,2021-08-02,57.23718030548095,2021-09-01,57.21,-0.05,30,REBALANCE_ADJUST,113927.71
GME,2021-08-02,39.45191097259521,2021-09-01,53.3,35.09,30,REBALANCE_ADJUST,113927.71
PBI,2021-08-02,6.5905707459449765,2021-09-01,6.18,-6.16,30,DROPPED_FROM_TOP,113927.71
SIG,2021-08-02,61.930295703887936,2021-09-01,76.38,23.33,30,REBALANCE_ADJUST,113927.71
THC,2021-08-02,71.28120908355712,2021-09-01,74.92,5.1,30,DROPPED_FROM_TOP,113927.71
CPRI,2021-09-01,57.207151527404775,2021-10-01,49.88,-12.81,30,REBALANCE_ADJUST,126922.31
FOSL,2021-09-01,13.92390984725952,2021-10-01,11.98,-13.98,30,DROPPED_FROM_TOP,126922.31
GME,2021-09-01,53.29574280548095,2021-10-01,44.27,-16.93,30,REBALANCE_ADJUST,126922.31
SIG,2021-09-01,76.38069434356689,2021-10-01,77.21,1.09,30,REBALANCE_ADJUST,126922.31
TPR,2021-09-01,35.64671797943115,2021-10-01,33.57,-5.82,30,DROPPED_FROM_TOP,126922.31
BBT,2021-10-01,23.60141864585876,2021-11-01,24.69,4.63,31,DROPPED_FROM_TOP,114637.1
CPRI,2021-10-01,49.879831832885735,2021-11-01,55.5,11.28,31,DROPPED_FROM_TOP,114637.1
GME,2021-10-01,44.27172841644287,2021-11-01,50.07,13.1,31,REBALANCE_ADJUST,114637.1
M,2021-10-01,19.18410291099548,2021-11-01,23.82,24.16,31,REBALANCE_ADJUST,114637.1
SIG,2021-10-01,77.21399293518066,2021-11-01,91.47,18.46,31,REBALANCE_ADJUST,114637.1
DVN,2021-11-01,33.62751940155029,2021-12-01,32.71,-2.74,30,REBALANCE_ADJUST,131049.71
GME,2021-11-01,50.072521583557126,2021-12-01,45.0,-10.12,30,REBALANCE_ADJUST,131049.71
M,2021-11-01,23.8187988948822,2021-12-01,22.78,-4.36,30,REBALANCE_ADJUST,131049.71
RIG,2021-11-01,3.76375999045372,2021-12-01,2.92,-22.34,30,REBALANCE_ADJUST,131049.71
SIG,2021-11-01,91.46598551177978,2021-12-01,88.19,-3.58,30,REBALANCE_ADJUST,131049.71
DVN,2021-12-01,32.70654395675659,2022-01-03,37.19,13.71,33,REBALANCE_ADJUST,119654.53
GME,2021-12-01,45.004959083557125,2022-01-03,38.25,-15.01,33,REBALANCE_ADJUST,119654.53
M,2021-12-01,22.77955458831787,2022-01-03,23.04,1.14,33,DROPPED_FROM_TOP,119654.53
RIG,2021-12-01,2.922920076370239,2022-01-03,3.12,6.64,33,DROPPED_FROM_TOP,119654.53
SIG,2021-12-01,88.19223010253906,2022-01-03,88.27,0.09,33,REBALANCE_ADJUST,119654.53
DVN,2022-01-03,37.19014905929565,2022-02-01,42.89,15.34,29,REBALANCE_ADJUST,121322.31
GME,2022-01-03,38.24820908355712,2022-02-01,28.18,-26.33,29,REBALANCE_ADJUST,121322.31
HAR,2022-01-03,14214.199999999999,2022-02-01,8208.2,-42.25,29,REBALANCE_ADJUST,121322.31
SIG,2022-01-03,88.26813448333739,2022-02-01,82.25,-6.82,29,REBALANCE_ADJUST,121322.31
DVN,2022-02-01,42.89475772857666,2022-03-01,48.35,12.73,28,REBALANCE_ADJUST,106687.47
GME,2022-02-01,28.1781496181488,2022-03-01,29.73,5.49,28,DROPPED_FROM_TOP,106687.47
HAR,2022-02-01,8208.199999999999,2022-03-01,10389.6,26.58,28,DROPPED_FROM_TOP,106687.47
SIG,2022-02-01,82.24747139739989,2022-03-01,63.55,-22.74,28,DROPPED_FROM_TOP,106687.47
COP,2022-03-01,82.96280851745604,2022-04-01,86.14,3.84,31,DROPPED_FROM_TOP,111518.24
DVN,2022-03-01,48.35454250335693,2022-04-01,50.08,3.57,31,REBALANCE_ADJUST,111518.24
EOG,2022-03-01,95.99284671783447,2022-04-01,99.88,4.05,31,DROPPED_FROM_TOP,111518.24
MUR,2022-03-01,30.437996547698972,2022-04-01,35.7,17.3,31,DROPPED_FROM_TOP,111518.24
CF,2022-04-01,91.19505445098876,2022-05-02,88.13,-3.36,31,REBALANCE_ADJUST,117938.4
DVN,2022-04-01,50.07905505752563,2022-05-02,48.42,-3.31,31,REBALANCE_ADJUST,117938.4
HAR,2022-04-01,10160.15,2022-05-02,10139.85,-0.2,31,DROPPED_FROM_TOP,117938.4
RRC,2022-04-01,30.306446901321408,2022-05-02,28.67,-5.39,31,REBALANCE_ADJUST,117938.4
APA,2022-05-02,35.502966278076165,2022-06-01,41.55,17.03,30,DROPPED_FROM_TOP,114952.94
CF,2022-05-02,88.1335930328369,2022-06-01,87.46,-0.76,30,DROPPED_FROM_TOP,114952.94
DVN,2022-05-02,48.41943429565429,2022-06-01,63.46,31.07,30,REBALANCE_ADJUST,114952.94
MUR,2022-05-02,32.2081517753601,2022-06-01,37.34,15.95,30,REBALANCE_ADJUST,114952.94
RRC,2022-05-02,28.673452623367307,2022-06-01,33.85,18.06,30,REBALANCE_ADJUST,114952.94
DVN,2022-06-01,63.4639132080078,2022-07-01,46.4,-26.89,30,ABSOLUTE_MOMENTUM_OFF,133664.1
EQT,2022-06-01,46.99362483978271,2022-07-01,32.27,-31.32,30,ABSOLUTE_MOMENTUM_OFF,133664.1
MUR,2022-06-01,37.34402745437622,2022-07-01,26.33,-29.5,30,ABSOLUTE_MOMENTUM_OFF,133664.1
RRC,2022-06-01,33.85100545120239,2022-07-01,24.33,-28.12,30,ABSOLUTE_MOMENTUM_OFF,133664.1
FSLR,2023-06-01,208.94874549865722,2023-07-03,191.58,-8.31,32,REBALANCE_ADJUST,102731.25
FTI,2023-06-01,13.754086300849913,2023-07-03,16.46,19.69,32,REBALANCE_ADJUST,102731.25
GE,2023-06-01,82.30818573760986,2023-07-03,85.15,3.45,32,REBALANCE_ADJUST,102731.25
NFLX,2023-06-01,40.353312725067134,2023-07-03,44.19,9.5,32,REBALANCE_ADJUST,102731.25
OI,2023-06-01,20.860840152740476,2023-07-03,21.89,4.92,32,DROPPED_FROM_TOP,102731.25
FSLR,2023-07-03,191.58138938903807,2023-08-01,202.88,5.9,29,REBALANCE_ADJUST,108675.68
FTI,2023-07-03,16.461740629196164,2023-08-01,17.56,6.67,29,REBALANCE_ADJUST,108675.68
GE,2023-07-03,85.14697444915771,2023-08-01,88.92,4.43,29,DROPPED_FROM_TOP,108675.68
NFLX,2023-07-03,44.188145008087155,2023-08-01,43.91,-0.64,29,REBALANCE_ADJUST,108675.68
FSLR,2023-08-01,202.88267266845702,2023-09-01,186.18,-8.23,31,DROPPED_FROM_TOP,112253.19
FTI,2023-08-01,17.560494535446164,2023-09-01,19.23,9.52,31,REBALANCE_ADJUST,112253.19
NFLX,2023-08-01,43.90586151123046,2023-09-01,43.94,0.09,31,DROPPED_FROM_TOP,112253.19
NVDA,2023-08-01,46.46299296188354,2023-09-01,48.46,4.3,31,REBALANCE_ADJUST,112253.19
FTI,2023-09-01,19.231832401275632,2023-10-02,19.67,2.3,31,REBALANCE_ADJUST,113568.18
NVDA,2023-09-01,48.46309897994995,2023-10-02,44.74,-7.68,31,REBALANCE_ADJUST,113568.18
PHM,2023-09-01,81.00236156463622,2023-10-02,71.92,-11.21,31,REBALANCE_ADJUST,113568.18
RCL,2023-09-01,95.10642498779296,2023-10-02,89.27,-6.14,31,REBALANCE_ADJUST,113568.18
RIG,2023-09-01,8.46846003818512,2023-10-02,7.89,-6.86,31,REBALANCE_ADJUST,113568.18
FTI,2023-10-02,19.67450867462158,2023-11-01,21.52,9.4,30,REBALANCE_ADJUST,106748.02
NVDA,2023-10-02,44.74331464385986,2023-11-01,42.29,-5.49,30,REBALANCE_ADJUST,106748.02
PHM,2023-10-02,71.92417012786865,2023-11-01,75.71,5.27,30,DROPPED_FROM_TOP,106748.02
RCL,2023-10-02,89.26571309661864,2023-11-01,83.01,-7.01,30,REBALANCE_ADJUST,106748.02
RIG,2023-10-02,7.887880114555358,2023-11-01,6.66,-15.61,30,REBALANCE_ADJUST,106748.02
FTI,2023-11-01,21.523913299560544,2023-12-01,20.39,-5.25,30,REBALANCE_ADJUST,103926.16
GE,2023-11-01,84.46011579132079,2023-12-01,96.28,13.99,30,DROPPED_FROM_TOP,103926.16
NVDA,2023-11-01,42.288431488037105,2023-12-01,46.72,10.49,30,REBALANCE_ADJUST,103926.16
RCL,2023-11-01,83.0064006500244,2023-12-01,107.58,29.6,30,DROPPED_FROM_TOP,103926.16
RIG,2023-11-01,6.6566500954627985,2023-12-01,6.57,-1.35,30,REBALANCE_ADJUST,103926.16
AVGO,2023-12-01,90.42680039215087,2024-01-02,106.02,17.24,32,REBALANCE_ADJUST,113839.65
FTI,2023-12-01,20.39287005615234,2024-01-02,19.73,-3.24,32,DROPPED_FROM_TOP,113839.65
NVDA,2023-12-01,46.72459921646118,2024-01-02,48.13,3.01,32,REBALANCE_ADJUST,113839.65
PHM,2023-12-01,89.40913640594482,2024-01-02,99.95,11.79,32,REBALANCE_ADJUST,113839.65
RIG,2023-12-01,6.56655994272232,2024-01-02,6.24,-4.92,32,DROPPED_FROM_TOP,113839.65
ADBE,2024-01-02,580.6500773315429,2024-02-01,627.28,8.03,30,DROPPED_FROM_TOP,119258.22
AVGO,2024-01-02,106.02016748809814,2024-02-01,117.22,10.56,30,REBALANCE_ADJUST,119258.22
GE,2024-01-02,99.24876203918456,2024-02-01,106.49,7.3,30,DROPPED_FROM_TOP,119258.22
NVDA,2024-01-02,48.13061350631713,2024-02-01,62.98,30.85,30,REBALANCE_ADJUST,119258.22
PHM,2024-01-02,99.94781702423094,2024-02-01,105.05,5.1,30,REBALANCE_ADJUST,119258.22
AVGO,2024-02-01,117.21723593902587,2024-03-01,136.67,16.6,29,REBALANCE_ADJUST,134008.16
CCL,2024-02-01,16.637518190383908,2024-03-01,15.81,-4.95,29,DROPPED_FROM_TOP,134008.16
NVDA,2024-02-01,62.9780877494812,2024-03-01,82.22,30.55,29,REBALANCE_ADJUST,134008.16
PHM,2024-02-01,105.04609563446044,2024-03-01,109.46,4.2,29,REBALANCE_ADJUST,134008.16
RCL,2024-02-01,123.58968325805662,2024-03-01,120.96,-2.13,29,REBALANCE_ADJUST,134008.16
AVGO,2024-03-01,136.67123318481444,2024-04-01,132.46,-3.08,31,REBALANCE_ADJUST,145807.16
NVDA,2024-03-01,82.21513623809814,2024-04-01,90.3,9.83,31,REBALANCE_ADJUST,145807.16
PHM,2024-03-01,109.4554077682495,2024-04-01,116.77,6.68,31,REBALANCE_ADJUST,145807.16
RCL,2024-03-01,120.96137092590331,2024-04-01,136.56,12.89,31,DROPPED_FROM_TOP,145807.16
AVGO,2024-04-01,132.45538214111326,2024-05-01,121.92,-7.95,30,REBALANCE_ADJUST,153517.75
LLY,2024-04-01,749.5465272216796,2024-05-01,765.51,2.13,30,REBALANCE_ADJUST,153517.75
NVDA,2024-04-01,90.29710081481933,2024-05-01,82.98,-8.1,30,REBALANCE_ADJUST,153517.75
PHM,2024-04-01,116.76584963989256,2024-05-01,110.03,-5.77,30,DROPPED_FROM_TOP,153517.75
AVGO,2024-05-01,121.91985561370848,2024-06-03,129.67,6.36,33,REBALANCE_ADJUST,147469.69
LLY,2024-05-01,765.5122450561522,2024-06-03,818.99,6.99,33,DROPPED_FROM_TOP,147469.69
NRG,2024-05-01,71.57833513641357,2024-06-03,76.13,6.35,33,REBALANCE_ADJUST,147469.69
NVDA,2024-05-01,82.98044240570067,2024-06-03,114.92,38.49,33,REBALANCE_ADJUST,147469.69
SLG,2024-05-01,45.08396409606933,2024-06-03,48.37,7.28,33,REBALANCE_ADJUST,147469.69
AVGO,2024-06-03,129.6733670654297,2024-07-01,161.14,24.27,28,DROPPED_FROM_TOP,166734.51
NRG,2024-06-03,76.12606832885741,2024-07-01,75.65,-0.63,28,REBALANCE_ADJUST,166734.51
NVDA,2024-06-03,114.91613953399657,2024-07-01,124.22,8.1,28,REBALANCE_ADJUST,166734.51
SLG,2024-06-03,48.368220413208,2024-07-01,50.38,4.16,28,REBALANCE_ADJUST,166734.51
WDC,2024-06-03,56.472347633361814,2024-07-01,57.41,1.66,28,DROPPED_FROM_TOP,166734.51
GE,2024-07-01,157.2407476043701,2024-08-01,167.85,6.75,31,DROPPED_FROM_TOP,179336.68
NRG,2024-07-01,75.64990752410888,2024-08-01,71.81,-5.07,31,REBALANCE_ADJUST,179336.68
NVDA,2024-07-01,124.21956971740721,2024-08-01,109.14,-12.14,31,REBALANCE_ADJUST,179336.68
SLG,2024-07-01,50.381401016235344,2024-08-01,61.05,21.18,31,REBALANCE_ADJUST,179336.68
URI,2024-07-01,630.3997284545898,2024-08-01,703.41,11.58,31,DROPPED_FROM_TOP,179336.68
MU,2024-08-01,100.99198912048338,2024-09-03,87.95,-12.91,33,DROPPED_FROM_TOP,187333.43
NRG,2024-08-01,71.81262375640868,2024-09-03,77.92,8.5,33,REBALANCE_ADJUST,187333.43
NVDA,2024-08-01,109.13931898498534,2024-09-03,107.93,-1.11,33,REBALANCE_ADJUST,187333.43
SLG,2024-08-01,61.054248870849605,2024-09-03,59.41,-2.69,33,REBALANCE_ADJUST,187333.43
GE,2024-09-03,162.69866894531248,2024-10-01,184.49,13.39,28,DROPPED_FROM_TOP,184206.75
NRG,2024-09-03,77.91914226531982,2024-10-01,90.52,16.18,28,REBALANCE_ADJUST,184206.75
NVDA,2024-09-03,107.93010316467284,2024-10-01,116.93,8.34,28,REBALANCE_ADJUST,184206.75
SLG,2024-09-03,59.410108356475824,2024-10-01,64.31,8.25,28,DROPPED_FROM_TOP,184206.75
THC,2024-09-03,161.81164389038085,2024-10-01,163.03,0.75,28,REBALANCE_ADJUST,184206.75
NRG,2024-10-01,90.52299634552001,2024-11-01,85.11,-5.98,31,REBALANCE_ADJUST,201535.82
NVDA,2024-10-01,116.93428420257567,2024-11-01,135.32,15.73,31,REBALANCE_ADJUST,201535.82
PBI,2024-10-01,6.522416035175323,2024-11-01,6.83,4.75,31,DROPPED_FROM_TOP,201535.82
SE,2024-10-01,97.58748786163329,2024-11-01,95.48,-2.16,31,REBALANCE_ADJUST,201535.82
THC,2024-10-01,163.03286511230468,2024-11-01,156.29,-4.14,31,REBALANCE_ADJUST,201535.82
GE,2024-11-01,170.37169380187987,2024-12-02,178.69,4.88,31,DROPPED_FROM_TOP,204756.53
NRG,2024-11-01,85.11327989959716,2024-12-02,97.36,14.39,31,DROPPED_FROM_TOP,204756.53
NVDA,2024-11-01,135.3239399719238,2024-12-02,138.55,2.39,31,REBALANCE_ADJUST,204756.53
SE,2024-11-01,95.47537725067137,2024-12-02,113.13,18.49,31,DROPPED_FROM_TOP,204756.53
THC,2024-11-01,156.28613488769528,2024-12-02,142.17,-9.03,31,REBALANCE_ADJUST,204756.53
NVDA,2024-12-02,138.55214053344724,2025-01-02,138.24,-0.22,31,REBALANCE_ADJUST,217678.3
PBI,2024-12-02,7.707007703781127,2025-01-02,6.9,-10.49,31,DROPPED_FROM_TOP,217678.3
RCL,2024-12-02,240.42929127502438,2025-01-02,223.98,-6.84,31,REBALANCE_ADJUST,217678.3
THC,2024-12-02,142.17202877807617,2025-01-02,125.09,-12.01,31,DROPPED_FROM_TOP,217678.3
JEF,2025-01-02,75.82022079467772,2025-02-03,71.55,-5.63,32,REBALANCE_ADJUST,204740.1
NVDA,2025-01-02,138.24184825134276,2025-02-03,116.6,-15.65,32,REBALANCE_ADJUST,204740.1
RCL,2025-01-02,223.97952359008787,2025-02-03,254.61,13.68,32,DROPPED_FROM_TOP,204740.1
SE,2025-01-02,104.9748727493286,2025-02-03,122.02,16.24,32,REBALANCE_ADJUST,204740.1
UAL,2025-01-02,95.52543030548095,2025-02-03,104.93,9.85,32,REBALANCE_ADJUST,204740.1
JEF,2025-02-03,71.55042945098876,2025-03-03,61.41,-14.17,28,DROPPED_FROM_TOP,212194.74
NVDA,2025-02-03,116.60252424621581,2025-03-03,114.0,-2.23,28,REBALANCE_ADJUST,212194.74
SE,2025-02-03,122.02190152740476,2025-03-03,123.61,1.3,28,REBALANCE_ADJUST,212194.74
UAL,2025-02-03,104.93483183288573,2025-03-03,91.76,-12.55,28,REBALANCE_ADJUST,212194.74
NVDA,2025-03-03,114.00379010772704,2025-04-01,109.89,-3.61,29,DROPPED_FROM_TOP,200495.33
PBI,2025-03-03,10.224894397735595,2025-04-01,8.7,-14.88,29,REBALANCE_ADJUST,200495.33
RCL,2025-03-03,235.813183807373,2025-04-01,203.84,-13.56,29,DROPPED_FROM_TOP,200495.33
SE,2025-03-03,123.61348786163329,2025-04-01,132.59,7.26,29,REBALANCE_ADJUST,200495.33
UAL,2025-03-03,91.76166816711425,2025-04-01,68.27,-25.6,29,REBALANCE_ADJUST,200495.33
MMM,2025-04-01,144.39618980407712,2025-05-01,134.57,-6.8,30,DROPPED_FROM_TOP,180342.37
PBI,2025-04-01,8.70367751121521,2025-05-01,8.42,-3.21,30,REBALANCE_ADJUST,180342.37
SE,2025-04-01,132.59246672058103,2025-05-01,137.45,3.66,30,REBALANCE_ADJUST,180342.37
UAL,2025-04-01,68.26819694519043,2025-05-01,69.09,1.21,30,DROPPED_FROM_TOP,180342.37
FOX,2025-05-01,45.44051383209228,2025-06-02,50.01,10.05,32,DROPPED_FROM_TOP,178518.39
GME,2025-05-01,27.457430305480955,2025-06-02,30.67,11.7,32,REBALANCE_ADJUST,178518.39
PBI,2025-05-01,8.424466007232665,2025-06-02,9.96,18.25,32,REBALANCE_ADJUST,178518.39
SE,2025-05-01,137.44730755615234,2025-06-02,165.27,20.24,32,REBALANCE_ADJUST,178518.39
GME,2025-06-02,30.670639389038083,2025-07-01,23.66,-22.87,29,DROPPED_FROM_TOP,199941.86
NFLX,2025-06-02,122.01990062713622,2025-07-01,129.23,5.91,29,DROPPED_FROM_TOP,199941.86
PBI,2025-06-02,9.96178555870056,2025-07-01,10.88,9.25,29,REBALANCE_ADJUST,199941.86
SE,2025-06-02,165.26510610961913,2025-07-01,150.65,-8.84,29,REBALANCE_ADJUST,199941.86
NRG,2025-07-01,154.35048535156247,2025-08-01,166.01,7.55,31,DROPPED_FROM_TOP,193401.28
PBI,2025-07-01,10.883275547981262,2025-08-01,10.91,0.27,31,REBALANCE_ADJUST,193401.28
PM,2025-07-01,172.91836634826657,2025-08-01,158.41,-8.39,31,DROPPED_FROM_TOP,193401.28
SE,2025-07-01,150.6505,2025-08-01,154.36,2.47,31,REBALANCE_ADJUST,193401.28
TPR,2025-07-01,85.92020021057128,2025-08-01,105.06,22.28,31,REBALANCE_ADJUST,193401.28
LB,2025-08-01,55.07337849807739,2025-09-02,54.66,-0.76,32,DROPPED_FROM_TOP,202709.67
PBI,2025-08-01,10.912373563766478,2025-09-02,11.71,7.31,32,DROPPED_FROM_TOP,202709.67
RCL,2025-08-01,309.2763440856933,2025-09-02,348.48,12.67,32,REBALANCE_ADJUST,202709.67
SE,2025-08-01,154.36421672058103,2025-09-02,178.96,15.93,32,REBALANCE_ADJUST,202709.67
TPR,2025-08-01,105.06298873138427,2025-09-02,101.58,-3.31,32,REBALANCE_ADJUST,202709.67
AVGO,2025-09-02,296.8358153991699,2025-10-01,331.72,11.75,29,DROPPED_FROM_TOP,215622.08
NRG,2025-09-02,143.99138171386718,2025-10-01,160.34,11.35,29,DROPPED_FROM_TOP,215622.08
RCL,2025-09-02,348.4759354248047,2025-10-01,311.97,-10.48,29,REBALANCE_ADJUST,215622.08
SE,2025-09-02,178.95877877807615,2025-10-01,182.19,1.81,29,REBALANCE_ADJUST,215622.08
TPR,2025-09-02,101.58428614807127,2025-10-01,112.92,11.16,29,REBALANCE_ADJUST,215622.08
FOSL,2025-10-01,2.5725699331760405,2025-11-03,2.06,-20.0,33,DROPPED_FROM_TOP,226675.88
RCL,2025-10-01,311.9722746276855,2025-11-03,273.69,-12.27,33,DROPPED_FROM_TOP,226675.88
SE,2025-10-01,182.19200450134275,2025-11-03,157.25,-13.69,33,DROPPED_FROM_TOP,226675.88
TPR,2025-10-01,112.92163145446776,2025-11-03,105.48,-6.59,33,REBALANCE_ADJUST,226675.88
UAL,2025-10-01,93.24315152740478,2025-11-03,96.01,2.97,33,DROPPED_FROM_TOP,226675.88
AVGO,2025-11-03,361.4612283020019,2025-12-01,384.92,6.49,28,REBALANCE_ADJUST,204352.37
STX,2025-11-03,264.6583148193359,2025-12-01,269.19,1.71,28,REBALANCE_ADJUST,204352.37
TPR,2025-11-03,105.4814747314453,2025-12-01,111.21,5.43,28,REBALANCE_ADJUST,204352.37
WDC,2025-11-03,157.93415882873532,2025-12-01,163.45,3.49,28,REBALANCE_ADJUST,204352.37
AVGO,2025-12-01,384.9205467529296,2026-01-02,347.24,-9.79,32,REBALANCE_ADJUST,211060.72
STX,2025-12-01,269.193057434082,2026-01-02,287.33,6.74,32,REBALANCE_ADJUST,211060.72
TE,2025-12-01,4.474469789981842,2026-01-02,7.83,75.04,32,DROPPED_FROM_TOP,211060.72
TPR,2025-12-01,111.20543180084228,2026-01-02,128.23,15.31,32,DROPPED_FROM_TOP,211060.72
WDC,2025-12-01,163.4511449127197,2026-01-02,187.75,14.87,32,REBALANCE_ADJUST,211060.72
AVGO,2026-01-02,347.2391957702636,2026-02-02,330.09,-4.94,31,DROPPED_FROM_TOP,254347.16
FOSL,2026-01-02,3.8238199331760403,2026-02-02,3.55,-7.25,31,DROPPED_FROM_TOP,254347.16
MU,2026-01-02,315.6028547058105,2026-02-02,438.05,38.8,31,REBALANCE_ADJUST,254347.16
STX,2026-01-02,287.32634594726557,2026-02-02,432.63,50.57,31,REBALANCE_ADJUST,254347.16
WDC,2026-01-02,187.7488558502197,2026-02-02,270.3,43.97,31,REBALANCE_ADJUST,254347.16
LRCX,2026-02-02,237.45300558471678,2026-03-02,230.95,-2.74,28,REBALANCE_ADJUST,315857.17
MU,2026-02-02,438.05376605224603,2026-03-02,412.91,-5.74,28,REBALANCE_ADJUST,315857.17
NEM,2026-02-02,112.47207804107664,2026-03-02,128.04,13.84,28,DROPPED_FROM_TOP,315857.17
STX,2026-02-02,432.6283020629882,2026-03-02,379.24,-12.34,28,REBALANCE_ADJUST,315857.17
WDC,2026-02-02,270.30036480712886,2026-03-02,270.15,-0.06,28,REBALANCE_ADJUST,315857.17
LRCX,2026-03-02,230.95429534912108,2026-04-01,221.79,-3.97,30,DROPPED_FROM_TOP,311373.85
MU,2026-03-02,412.9092313537597,2026-04-01,368.22,-10.82,30,REBALANCE_ADJUST,311373.85
STX,2026-03-02,379.2379594421386,2026-04-01,423.54,11.68,30,REBALANCE_ADJUST,311373.85
TE,2026-03-02,6.846840152740477,2026-04-01,4.48,-34.5,30,REBALANCE_ADJUST,311373.85
WDC,2026-03-02,270.15028201293944,2026-04-01,297.95,10.29,30,REBALANCE_ADJUST,311373.85
MU,2026-04-01,368.2178561096191,2026-05-01,542.75,47.4,30,REBALANCE_ADJUST,294351.84
STX,2026-04-01,423.54311511230463,2026-05-01,727.66,71.8,30,REBALANCE_ADJUST,294351.84
TE,2026-04-01,4.484480019092559,2026-05-01,5.14,14.73,30,DROPPED_FROM_TOP,294351.84
WDC,2026-04-01,297.9500571899414,2026-05-01,431.84,44.94,30,REBALANCE_ADJUST,294351.84
FOSL,2026-05-01,4.324320171833038,2026-06-01,4.13,-4.59,31,DROPPED_FROM_TOP,399619.09
MU,2026-05-01,542.7522319946288,2026-06-01,1036.54,90.98,31,REBALANCE_ADJUST,399619.09
STX,2026-05-01,727.6569226684569,2026-06-01,922.18,26.73,31,REBALANCE_ADJUST,399619.09
WDC,2026-05-01,431.83890872192376,2026-06-01,546.6,26.58,31,REBALANCE_ADJUST,399619.09
