date,spy_equity
2016-01-04,100000.0
2016-01-05,100169.13181396991
2016-01-06,98905.56009275891
2016-01-07,96532.65861417344
2016-01-08,95473.08143203358
2016-01-11,95567.62030558857
2016-01-12,96338.65949319548
2016-01-13,93935.933411297
2016-01-14,95478.03872833855
2016-01-15,93428.50204695026
2016-01-19,93552.86552381828
2016-01-20,92353.99011163077
2016-01-21,92871.33606858744
2016-01-22,94776.65314606008
2016-01-25,93343.93164966068
2016-01-26,94617.42694409085
2016-01-27,93587.710287701
2016-01-28,94075.21368012615
2016-01-29,96368.51103833625
2016-02-01,96333.71117749978
2016-02-02,94597.53489460626
2016-02-03,95164.65138801602
2016-02-04,95313.8642106736
2016-02-05,93498.12871045097
2016-02-08,92239.55020798193
2016-02-09,92244.54342672389
2016-02-10,92164.94828695778
2016-02-11,90966.07287477025
2016-02-12,92841.48452344666
2016-02-16,94408.51103115175
2016-02-17,95950.6522706303
2016-02-18,95557.65182932316
2016-02-19,95512.89247283051
2016-02-22,96895.79852973059
2016-02-23,95672.04682992576
2016-02-24,96109.83356955329
2016-02-25,97273.90912090433
2016-02-26,97050.0225323486
2016-02-29,96288.93385978862
2016-03-01,98552.3886534672
2016-03-02,98995.12370879046
2016-03-03,99383.10398952788
2016-03-04,99706.47776733432
2016-03-07,99786.0639264912
2016-03-08,98696.61723799206
2016-03-09,99184.17451407271
2016-03-10,99263.72475079258
2016-03-11,100865.55111933415
2016-03-14,100736.21238494269
2016-03-15,100572.05582849622
2016-03-16,101154.08911386711
2016-03-17,101795.83447012879
2016-03-18,102195.83080604022
2016-03-21,102340.89458722515
2016-03-22,102285.85243314342
2016-03-23,101610.82493900819
2016-03-24,101565.79616423811
2016-03-28,101625.79561462482
2016-03-29,102565.85884889064
2016-03-30,103015.90412014187
2016-03-31,102765.90191989261
2016-04-01,103465.9134689561
2016-04-04,103130.87387973633
2016-04-05,102100.86086324131
2016-04-06,103215.91126870684
2016-04-07,101980.84400124938
2016-04-08,102255.86617886393
2016-04-11,102015.82347427083
2016-04-12,102965.90008784832
2016-04-13,104005.91750304577
2016-04-14,104010.92868300623
2016-04-15,103895.94096219326
2016-04-18,104626.0285716287
2016-04-19,104956.00309723252
2016-04-20,105056.01116181962
2016-04-21,104490.98715036467
2016-04-22,104490.98715036467
2016-04-25,104310.97083798604
2016-04-26,104465.9671729994
2016-04-27,104680.98990022723
2016-04-28,103730.91328664974
2016-04-29,103170.89147454599
2016-05-02,103990.94682742916
2016-05-03,103085.92593044949
2016-05-04,102510.8705784644
2016-05-05,102490.84381984109
2016-05-06,102865.88304265196
2016-05-09,102950.9114510132
2016-05-10,104230.980551413
2016-05-11,103255.91090229798
2016-05-12,103285.88817596823
2016-05-13,102385.86049773051
2016-05-16,103395.92758108547
2016-05-17,102430.86233067287
2016-05-18,102460.88450738933
2016-05-19,102105.85408198327
2016-05-20,102750.88634122975
2016-05-23,102610.86966244224
2016-05-24,103940.96973696334
2016-05-25,104646.01940781504
2016-05-26,104675.98770087602
2016-05-27,105126.01501090874
2016-05-31,104925.99888173453
2016-06-01,105141.0305895716
2016-06-02,105461.0546001285
2016-06-03,105146.01482770432
2016-06-06,105681.04360427053
2016-06-07,105846.0443379863
2016-06-08,106191.07934529921
2016-06-09,106046.06944776977
2016-06-10,105041.03150559377
2016-06-13,104230.980551413
2016-06-14,104025.9801841061
2016-06-15,103880.91640292114
2016-06-16,104190.94499538487
2016-06-17,103802.95573403817
2016-06-20,104471.45432525
2016-06-21,104768.0030232323
2016-06-22,104597.07508741276
2016-06-23,105959.21797573115
2016-06-24,102154.29548826764
2016-06-27,100324.73883041216
2016-06-28,102134.19688477034
2016-06-29,103873.28288506024
2016-06-30,105290.73734573784
2016-07-01,105511.85790664512
2016-07-05,104752.91559969544
2016-07-06,105381.19902269419
2016-07-07,105315.86509041408
2016-07-08,106884.03213549369
2016-07-11,107261.02015051142
2016-07-12,108040.09698339539
2016-07-13,108025.0185404678
2016-07-14,108628.16523818101
2016-07-15,108482.40995008398
2016-07-18,108773.95644871506
2016-07-19,108663.33330399667
2016-07-20,109115.71353365241
2016-07-21,108703.54847220978
2016-07-22,109191.1237095089
2016-07-25,108894.57501152661
2016-07-26,108944.83948148836
2016-07-27,108829.24107924652
2016-07-28,108954.8708220185
2016-07-29,109130.78299597076
2016-08-01,109040.29437718667
2016-08-02,108341.70176438439
2016-08-03,108658.32212403623
2016-08-04,108773.95644871506
2016-08-05,109663.60254266195
2016-08-08,109598.25962977258
2016-08-09,109663.60254266195
2016-08-10,109392.1636281374
2016-08-11,109899.81950771532
2016-08-12,109804.31970897078
2016-08-15,110120.97599105963
2016-08-16,109553.0063397713
2016-08-17,109759.10234140648
2016-08-18,110005.37758881776
2016-08-19,109844.53487718389
2016-08-22,109839.50573600494
2016-08-23,110060.66221934922
2016-08-24,109497.72170923984
2016-08-25,109422.3384752111
2016-08-26,109216.24247357591
2016-08-29,109754.08218083678
2016-08-30,109573.09596265934
2016-08-31,109261.46882174945
2016-09-01,109266.48898231916
2016-09-02,109759.10234140648
2016-09-06,110090.83706642293
2016-09-07,110080.72490040955
2016-09-08,109829.48337608403
2016-09-09,107200.72434001953
2016-09-12,108738.77042168092
2016-09-13,107175.57863412477
2016-09-14,107135.36346591168
2016-09-15,108205.94189438049
2016-09-16,107787.66103803989
2016-09-19,107807.89435067591
2016-09-20,107812.95043368259
2016-09-21,109025.35962400703
2016-09-22,109712.37623148848
2016-09-23,109111.20526780984
2016-09-26,108227.17205464304
2016-09-27,108899.06531615068
2016-09-28,109439.59022557674
2016-09-29,108449.44213353412
2016-09-30,109267.83607370638
2016-10-03,109005.14427258952
2016-10-04,108449.44213353412
2016-10-05,108929.38385297234
2016-10-06,109005.14427258952
2016-10-07,108631.30845141786
2016-10-10,109197.08683404965
2016-10-11,107818.00651668929
2016-10-12,107959.45111234723
2016-10-13,107605.83962320238
2016-10-14,107661.40265262051
2016-10-17,107287.55785083963
2016-10-18,107959.45111234723
2016-10-19,108247.39638666983
2016-10-20,108045.3057367593
2016-10-21,108095.84860560775
2016-10-24,108555.53905119144
2016-10-25,108191.82437664243
2016-10-26,107974.57445832108
2016-10-27,107686.67408704472
2016-10-28,107368.37435346349
2016-10-31,107373.43043647018
2016-11-01,106595.47617974223
2016-11-02,105953.93737749326
2016-11-03,105468.94855565761
2016-11-04,105352.78437503312
2016-11-07,107676.56192103135
2016-11-08,108161.52380103928
2016-11-09,109308.23983471368
2016-11-10,109581.05278245317
2016-11-11,109328.43722491272
2016-11-14,109414.30981054327
2016-11-15,110268.0604093254
2016-11-16,110060.93163762667
2016-11-17,110626.71900086771
2016-11-18,110379.18646816167
2016-11-21,111212.71273491702
2016-11-22,111429.95367262914
2016-11-23,111490.56380444471
2016-11-25,111904.81236723291
2016-11-28,111379.41978438995
2016-11-29,111596.6697027113
2016-11-30,111328.90385736924
2016-12-01,110919.720358197
2016-12-02,110975.26542639664
2016-12-05,111642.1115855068
2016-12-06,111995.72307465166
2016-12-07,113460.72088068884
2016-12-08,113738.55398899804
2016-12-09,114425.552635261
2016-12-12,114294.2291862257
2016-12-13,115057.04213576131
2016-12-14,114107.34270777223
2016-12-15,114577.15429997857
2016-12-16,114353.04319619163
2016-12-19,114602.02160698663
2016-12-20,115044.11903905324
2016-12-21,114723.97828057615
2016-12-22,114525.82113751631
2016-12-23,114693.50707339727
2016-12-27,114978.03971620557
2016-12-28,114027.82839348936
2016-12-29,114002.43123053566
2016-12-30,113585.77586446896
2017-01-03,114454.67675105266
2017-01-04,115135.58654424541
2017-01-05,115044.11903905324
2017-01-06,115455.73628333175
2017-01-09,115074.59922684138
2017-01-10,115074.59922684138
2017-01-11,115399.8499519807
2017-01-12,115110.18040068245
2017-01-13,115374.40788598075
2017-01-17,114967.89162775518
2017-01-18,115221.98000521236
2017-01-19,114795.11368643054
2017-01-20,115216.89698037792
2017-01-23,114917.09730184781
2017-01-24,115653.90240700085
2017-01-25,116654.97990049845
2017-01-26,116533.02322690893
2017-01-27,116350.07025530614
2017-01-30,115628.48728282866
2017-01-31,115618.33021376903
2017-02-01,115664.08641788823
2017-02-02,115740.2779067493
2017-02-03,116538.08829052486
2017-02-06,116329.72917535916
2017-02-07,116334.80321958434
2017-02-08,116487.25804218047
2017-02-09,117178.3518462606
2017-02-10,117640.73647461872
2017-02-13,118281.03595279144
2017-02-14,118753.5956114277
2017-02-15,119373.53604843495
2017-02-16,119271.89351296467
2017-02-17,119459.91154818339
2017-02-21,120171.33745160124
2017-02-22,120064.59393007804
2017-02-23,120145.91334681981
2017-02-24,120298.38613063446
2017-02-27,120486.38620463468
2017-02-28,120161.17140193237
2017-03-01,121843.10480496721
2017-03-02,121075.82849263528
2017-03-03,121152.03794271486
2017-03-06,120791.26890799923
2017-03-07,120430.49987328361
2017-03-08,120206.89168361458
2017-03-09,120359.34650621071
2017-03-10,120781.0759165026
2017-03-13,120842.08119512512
2017-03-14,120379.66064432997
2017-03-15,121421.36641406607
2017-03-16,121182.53609172147
2017-03-17,120969.7046331502
2017-03-20,120837.02511211843
2017-03-21,119285.53505841257
2017-03-22,119566.20603924419
2017-03-23,119438.64546548385
2017-03-24,119351.89278014697
2017-03-27,119229.38828939332
2017-03-28,120096.98698763605
2017-03-29,120209.28052567456
2017-03-30,120591.99816939261
2017-03-31,120311.3451497795
2017-04-03,120102.08797368898
2017-04-04,120178.62970631072
2017-04-05,119821.39005102961
2017-04-06,120158.22576209898
2017-04-07,120035.75719378232
2017-04-10,120107.1889597419
2017-04-11,119964.28052477652
2017-04-12,119438.64546548385
2017-04-13,118662.89145802167
2017-04-17,119714.21546026251
2017-04-18,119356.98478559064
2017-04-19,119137.52563739425
2017-04-20,120107.1889597419
2017-04-21,119724.41743236837
2017-04-24,121041.1633409375
2017-04-25,121745.44966000311
2017-04-26,121668.8630243351
2017-04-27,121770.97255148628
2017-04-28,121505.56860637649
2017-05-01,121811.789420519
2017-05-02,121857.7342174324
2017-05-03,121709.73377702333
2017-05-04,121852.64221198873
2017-05-05,122332.35941619573
2017-05-08,122311.9375107655
2017-05-09,122199.65295333622
2017-05-10,122419.11210153262
2017-05-11,122169.04703701861
2017-05-12,121964.89084698101
2017-05-15,122638.57124972901
2017-05-16,122526.29567290896
2017-05-17,120352.16201881223
2017-05-18,120837.02511211843
2017-05-19,121622.98109168645
2017-05-22,122240.49676419668
2017-05-23,122510.94781170393
2017-05-24,122796.79162346244
2017-05-25,123383.69239904583
2017-05-26,123358.17848817189
2017-05-30,123251.01287801405
2017-05-31,123220.3979810872
2017-06-01,124200.26327554072
2017-06-02,124613.64071923184
2017-06-05,124521.79602845128
2017-06-06,124123.71256230972
2017-06-07,124353.39164383047
2017-06-08,124414.6034764657
2017-06-09,124225.7682058054
2017-06-12,124200.26327554072
2017-06-13,124807.58595655432
2017-06-14,124649.37456343013
2017-06-15,124409.50249041276
2017-06-16,124436.68679460682
2017-06-19,125472.62701320562
2017-06-20,124626.44706801967
2017-06-21,124595.65255890785
2017-06-22,124539.2633134389
2017-06-23,124687.98220258781
2017-06-26,124770.03802928793
2017-06-27,123764.8653779732
2017-06-28,124872.59658690149
2017-06-29,123775.11225312529
2017-06-30,124005.90493019283
2017-07-03,124216.1589539099
2017-07-05,124503.34087644638
2017-07-06,123364.84210023402
2017-07-07,124164.85273327537
2017-07-10,124298.21478061001
2017-07-11,124205.9120787578
2017-07-12,125139.29373974302
2017-07-13,125349.5477634601
2017-07-14,125934.20338673145
2017-07-17,125918.82858369865
2017-07-18,125985.47368492898
2017-07-19,126667.58687976096
2017-07-20,126723.97612522992
2017-07-21,126611.15273124575
2017-07-24,126580.36720274317
2017-07-25,126888.09675923937
2017-07-26,126893.20672590156
2017-07-27,126775.28234586446
2017-07-28,126626.56345671552
2017-07-31,126554.71858273054
2017-08-01,126836.80849982335
2017-08-02,126898.35261500075
2017-08-03,126652.19411550967
2017-08-04,126882.9688313587
2017-08-07,127118.86249447917
2017-08-08,126806.04093253928
2017-08-09,126800.8770822216
2017-08-10,125011.05063967982
2017-08-11,125195.70094643049
2017-08-14,126436.80318330268
2017-08-15,126421.37449661439
2017-08-16,126641.92927913906
2017-08-17,124667.4704910651
2017-08-18,124472.59127038081
2017-08-21,124570.04884194145
2017-08-22,125872.64131033556
2017-08-23,125421.3387537896
2017-08-24,125129.01992276317
2017-08-25,125421.3387537896
2017-08-28,125426.49362349803
2017-08-29,125570.075604157
2017-08-30,126164.98708318973
2017-08-31,126923.97429318565
2017-09-01,127103.4876914464
2017-09-05,126190.60876137462
2017-09-06,126621.39062578861
2017-09-07,126606.00684214658
2017-09-08,126457.3148948254
2017-09-11,127806.08565597334
2017-09-12,128236.86752038733
2017-09-13,128298.40265495547
2017-09-14,128257.37025130079
2017-09-15,128430.03144470522
2017-09-18,128703.18565559616
2017-09-19,128832.05739830672
2017-09-20,128878.40632263629
2017-09-21,128533.12883887369
2017-09-22,128558.87624558806
2017-09-25,128296.0407547232
2017-09-26,128373.33685852181
2017-09-27,128873.26941414636
2017-09-28,129027.89754418055
2017-09-29,129481.42729182004
2017-10-02,130043.22726455492
2017-10-03,130321.50940332652
2017-10-04,130476.1554945792
2017-10-05,131249.2242998762
2017-10-06,131099.76002015965
2017-10-09,130883.30039545216
2017-10-10,131228.6048210425
2017-10-11,131434.74572572394
2017-10-12,131238.9235410686
2017-10-13,131398.7065408112
2017-10-16,131573.94516906983
2017-10-17,131666.70588199372
2017-10-18,131795.53272165806
2017-10-19,131831.5988483985
2017-10-20,132511.94286320862
2017-10-23,131996.5277372403
2017-10-24,132228.47891290084
2017-10-25,131573.94516906983
2017-10-26,131743.99300518306
2017-10-27,132821.15422023076
2017-10-30,132326.39449553314
2017-10-31,132532.53540021458
2017-11-01,132707.7740284732
2017-11-02,132759.2957837297
2017-11-03,133202.56069499857
2017-11-06,133408.70159968
2017-11-07,133315.93190614687
2017-11-08,133542.692289662
2017-11-09,133058.24230438125
2017-11-10,133016.9943661046
2017-11-13,133140.71123910675
2017-11-14,132831.47294025685
2017-11-15,132166.6114957905
2017-11-16,133290.15755760475
2017-11-17,132898.4952270756
2017-11-20,133125.23764937223
2017-11-21,133996.23999852
2017-11-22,133877.7228982725
2017-11-24,134186.9252746854
2017-11-27,134119.93891030364
2017-11-28,135480.56407565912
2017-11-29,135398.10412154286
2017-11-30,136583.4996392489
2017-12-01,136300.03568894116
2017-12-04,136135.13374192713
2017-12-05,135645.4929645009
2017-12-06,135671.27629365228
2017-12-07,136099.0406733589
2017-12-08,136841.1892410146
2017-12-11,137253.5159534237
2017-12-12,137495.74992667334
2017-12-13,137480.2763369388
2017-12-14,136918.52126725018
2017-12-15,138058.71737861045
2017-12-18,138934.14716811755
2017-12-19,138400.55528903104
2017-12-20,138328.07279178943
2017-12-21,138612.96465896763
2017-12-22,138576.7189200422
2017-12-26,138410.9458539311
2017-12-27,138478.29144268276
2017-12-28,138763.21025168875
2017-12-29,138239.99097628382
2018-01-02,139229.41163897736
2018-01-03,140110.08610428535
2018-01-04,140700.60606539572
2018-01-05,141638.24453516456
2018-01-08,141897.28122831744
2018-01-09,142218.4188344211
2018-01-10,142000.85459477606
2018-01-11,143036.90258068586
2018-01-12,143969.35923891852
2018-01-16,143477.2128715121
2018-01-17,144844.84291208108
2018-01-18,144601.33369231824
2018-01-19,145259.21720339876
2018-01-22,146440.33795110273
2018-01-23,146751.12091474328
2018-01-24,146694.13894906396
2018-01-25,146756.31170688872
2018-01-26,148455.4429766337
2018-01-29,147471.16820303936
2018-01-30,145958.57316798714
2018-01-31,146031.07362644724
2018-02-01,145865.3095409454
2018-02-02,142689.8469362921
2018-02-05,136722.2051490862
2018-02-06,139415.92093184238
2018-02-07,138659.5740209654
2018-02-08,133458.63378709956
2018-02-09,135463.38417016747
2018-02-12,137452.61606045457
2018-02-13,137794.50785453065
2018-02-14,139654.2124176321
2018-02-15,141436.23471073728
2018-02-16,141477.6532805896
2018-02-20,140591.82394557318
2018-02-21,139892.47696159405
2018-02-22,140073.80444292293
2018-02-23,142306.5006499267
2018-02-26,143958.9866352369
2018-02-27,142161.41890752324
2018-02-28,140721.34229214964
2018-03-01,138675.11047496466
2018-03-02,139389.99391294306
2018-03-05,141001.07928961943
2018-03-06,141358.53447952252
2018-03-07,141306.70738355158
2018-03-08,141990.5089329222
2018-03-09,144461.4966257157
2018-03-12,144280.12424134059
2018-03-13,143347.7035055449
2018-03-14,142612.1018020311
2018-03-15,142456.71930082006
2018-03-16,142611.20374110626
2018-03-19,140681.67494110067
2018-03-20,140920.8824490337
2018-03-21,140650.4403821357
2018-03-22,137134.55880332305
2018-03-23,134211.58602768075
2018-03-26,137883.50569217955
2018-03-27,135537.82444022514
2018-03-28,135137.36111263282
2018-03-29,136864.06285276957
2018-04-02,133909.90940181777
2018-04-03,135626.24751888218
2018-04-04,137077.32538058475
2018-04-05,138159.15651244146
2018-04-06,135080.15463172228
2018-04-09,135745.86025345794
2018-04-10,137904.26886076122
2018-04-11,137181.36573872427
2018-04-12,138309.9678835452
2018-04-13,137904.26886076122
2018-04-16,139038.09772016457
2018-04-17,140525.58297175902
2018-04-18,140629.58740746157
2018-04-19,139849.45984329557
2018-04-20,138663.65121756407
2018-04-23,138642.85212654542
2018-04-24,136775.6667159403
2018-04-25,137113.7237898674
2018-04-26,138507.60415126866
2018-04-27,138637.65235379076
2018-04-30,137571.44748202577
2018-05-01,137815.87272393194
2018-05-02,136890.14254202612
2018-05-03,136588.4030518984
2018-05-04,138356.79278016492
2018-05-07,138824.8711147864
2018-05-08,138824.8711147864
2018-05-09,140166.69088437626
2018-05-10,141477.36590109367
2018-05-11,141909.063787651
2018-05-14,141976.66083346162
2018-05-15,140998.88802096288
2018-05-16,141591.83274657026
2018-05-17,141472.1840895575
2018-05-18,141118.50075553864
2018-05-21,142179.50585454897
2018-05-22,141784.19739666508
2018-05-23,142174.28812057583
2018-05-24,141883.06492387765
2018-05-25,141544.9809081228
2018-05-29,139917.0748503247
2018-05-30,141784.19739666508
2018-05-31,140915.67369566977
2018-06-01,142299.1006279062
2018-06-04,142975.24171758821
2018-06-05,143079.26411450925
2018-06-06,144275.49024696855
2018-06-07,144259.86398687682
2018-06-08,144686.4070037257
2018-06-11,144878.79859564826
2018-06-12,145066.05327908086
2018-06-13,144603.18369782332
2018-06-14,144967.25759674227
2018-06-15,144782.25704623092
2018-06-18,144484.51392721865
2018-06-19,143930.72465793308
2018-06-20,144176.24553416754
2018-06-21,143272.43701943636
2018-06-22,143533.67396185503
2018-06-25,141579.77178835004
2018-06-26,141893.25791537427
2018-06-27,140717.73208723188
2018-06-28,141522.3048697713
2018-06-29,141726.07489361122
2018-07-02,142029.0447272059
2018-07-03,141527.50464252595
2018-07-05,142682.09667051097
2018-07-06,143888.94686371082
2018-07-09,145184.5793599376
2018-07-10,145706.9903805102
2018-07-11,144641.2435198169
2018-07-12,145952.5202373539
2018-07-13,146067.55286121313
2018-07-16,145936.84907421595
2018-07-17,146527.18942314133
2018-07-18,146835.43087436468
2018-07-19,146281.6865081254
2018-07-20,146114.51246697156
2018-07-23,146386.1579355088
2018-07-24,147122.84629274163
2018-07-25,148376.62914987217
2018-07-26,148026.6009238173
2018-07-27,147023.5207544574
2018-07-30,146255.5439546041
2018-07-31,146976.50726504344
2018-08-01,146730.97740819975
2018-08-02,147530.27857311053
2018-08-03,148162.44161930442
2018-08-06,148705.80440125288
2018-08-07,149196.87309554956
2018-08-08,149134.11659812366
2018-08-09,148930.43638037622
2018-08-10,147932.59190620796
2018-08-13,147378.7846757039
2018-08-14,148319.15325068418
2018-08-15,147211.5747121131
2018-08-16,148402.79864522122
2018-08-17,148925.21864640308
2018-08-20,149243.90454618196
2018-08-21,149593.93277223685
2018-08-22,149505.17741103764
2018-08-23,149306.56225690612
2018-08-24,150205.21590192887
2018-08-27,151391.1412755806
2018-08-28,151464.26139607883
2018-08-29,152279.25168534604
2018-08-30,151662.76878289934
2018-08-31,151668.01345870024
2018-09-04,151406.8393805463
2018-09-05,150999.281371648
2018-09-06,150544.75477638195
2018-09-07,150252.2114301243
2018-09-10,150513.4214307152
2018-09-11,151009.71683959427
2018-09-12,151046.28588045263
2018-09-13,151939.6589272375
2018-09-14,151965.75657771254
2018-09-17,151161.23767882862
2018-09-18,151981.40079902275
2018-09-19,152143.4109898589
2018-09-20,153376.37679475232
2018-09-21,153236.2074456076
2018-09-24,152727.15059098697
2018-09-25,152585.43657705156
2018-09-26,152128.86240287696
2018-09-27,152554.00444468312
2018-09-28,152569.73847208582
2018-10-01,153099.7740299101
2018-10-02,153010.57861885775
2018-10-03,153094.5293541092
2018-10-04,151897.9889003262
2018-10-05,151047.81258402482
2018-10-08,151047.81258402482
2018-10-09,150827.41047185738
2018-10-10,146051.68412467168
2018-10-11,142834.70416346434
2018-10-12,144818.44890150087
2018-10-15,144004.98531580582
2018-10-16,147153.79347221067
2018-10-17,147180.00787060594
2018-10-18,145054.6030022895
2018-10-19,144975.8700010112
2018-10-22,144325.09015184594
2018-10-23,143590.3775286477
2018-10-24,139239.82016509594
2018-10-25,141737.89337538174
2018-10-26,139245.07382150608
2018-10-29,138473.6125452645
2018-10-30,140525.5739911498
2018-10-31,142026.51219539795
2018-11-01,143537.91280942017
2018-11-02,142687.74547372805
2018-11-05,143474.96771920007
2018-11-06,144382.83546931137
2018-11-07,147473.8803470323
2018-11-08,147206.26717204746
2018-11-09,145768.31896106567
2018-11-12,143044.61692402998
2018-11-13,142776.93190417116
2018-11-14,141800.8474462111
2018-11-15,143280.7440829909
2018-11-16,143653.36752191404
2018-11-19,141223.5738837417
2018-11-20,138610.04596096202
2018-11-21,139082.35416253933
2018-11-23,138153.4897480059
2018-11-26,140383.86895782364
2018-11-27,140856.19512061946
2018-11-28,144099.47030570533
2018-11-29,143784.6101454661
2018-11-30,144660.97391833502
2018-12-03,146576.50194852278
2018-12-04,141827.06184460636
2018-12-06,141611.91338884906
2018-12-07,138321.4091797273
2018-12-10,138583.81360134823
2018-12-11,138615.3265591999
2018-12-12,139313.28154874558
2018-12-13,139266.04354410045
2018-12-14,136694.5269113835
2018-12-17,134012.80024197354
2018-12-18,133865.88645528347
2018-12-19,131861.1181109971
2018-12-20,129714.70759764932
2018-12-21,127056.90527127635
2018-12-24,123699.67513544107
2018-12-26,129949.56849070625
2018-12-27,130947.28723634503
2018-12-28,130778.33503456009
2018-12-31,131923.81174415827
2019-01-02,132061.0623952973
2019-01-03,128909.71272647525
2019-01-04,133227.61659480084
2019-01-07,134278.0694779446
2019-01-08,135539.69240694877
2019-01-09,136173.14866087443
2019-01-10,136653.4765465103
2019-01-11,136706.25558706152
2019-01-14,135872.21742557903
2019-01-15,137429.4371079852
2019-01-16,137761.9711072247
2019-01-17,138807.1254309121
2019-01-18,140654.67922970082
2019-01-22,138754.3733321886
2019-01-23,139044.7074485712
2019-01-24,139118.58194024628
2019-01-25,140295.7422392718
2019-01-28,139229.4745032421
2019-01-29,139044.7074485712
2019-01-30,141245.8727365048
2019-01-31,142486.4002143851
2019-02-01,142555.03901086852
2019-02-04,143557.91262621572
2019-02-05,144159.7391743695
2019-02-06,143969.69152146069
2019-02-07,142597.2299131162
2019-02-08,142771.42679070204
2019-02-11,142850.5998418335
2019-02-12,144687.5655023187
2019-02-13,145157.34117208805
2019-02-14,144835.3683693243
2019-02-15,146413.63859980807
2019-02-19,146667.04445096236
2019-02-20,146962.7040686291
2019-02-21,146440.0685328253
2019-02-22,147348.0260890291
2019-02-25,147548.64391902293
2019-02-26,147443.04093487424
2019-02-27,147379.67375601947
2019-02-28,147105.19939556907
2019-03-01,148023.65528398394
2019-03-04,147485.26775955892
2019-03-05,147284.6499295651
2019-03-06,146392.54314868423
2019-03-07,145167.92032978236
2019-03-08,144877.58621339974
2019-03-11,146978.47401846878
2019-03-12,147532.78416309075
2019-03-13,148509.30867090396
2019-03-14,148414.3117862773
2019-03-15,149147.51566712186
2019-03-18,149688.3189754346
2019-03-19,149725.44481406634
2019-03-20,149274.75293894927
2019-03-21,150960.844364066
2019-03-22,148055.3568346298
2019-03-25,147943.98829934382
2019-03-26,149046.81609562263
2019-03-27,148267.41596080575
2019-03-28,148829.4045263348
2019-03-29,149767.87819276375
2019-04-01,151543.97328376517
2019-04-02,151618.26088346564
2019-04-03,151856.8577099698
2019-04-04,152259.74580205913
2019-04-05,152996.7484806156
2019-04-08,153113.38863353027
2019-04-09,152328.6989198662
2019-04-10,152848.24512608864
2019-04-11,152805.85665043752
2019-04-12,153839.72234829998
2019-04-15,153738.95991253605
2019-04-16,153839.72234829998
2019-04-17,153463.32705349263
2019-04-18,153765.488632255
2019-04-22,153898.0603859758
2019-04-23,155281.8106201452
2019-04-24,154937.2605657317
2019-04-25,154841.77872820562
2019-04-26,155562.84980595598
2019-04-29,155806.70926947953
2019-04-30,155886.2415449809
2019-05-01,154714.5055339412
2019-05-02,154380.4448311295
2019-05-03,155891.61194931128
2019-05-06,155250.05518584384
2019-05-07,152657.37125712904
2019-05-08,152445.28518912534
2019-05-09,151984.00517570472
2019-05-10,152747.53657398018
2019-05-13,148908.9547630547
2019-05-14,150255.6240616386
2019-05-15,151135.75070978244
2019-05-16,152535.504389632
2019-05-17,151549.30776565854
2019-05-20,150547.2873081899
2019-05-21,151904.54474507732
2019-05-22,151437.94821098182
2019-05-23,149587.6373651539
2019-05-24,149926.91580193877
2019-05-28,148532.50558459185
2019-05-29,147535.76572536113
2019-05-30,147938.69872049667
2019-05-31,145945.2010408167
2019-06-03,145574.02347998248
2019-06-04,148733.96759185503
2019-06-05,150022.38865885558
2019-06-06,150997.88039660527
2019-06-07,152508.95770869454
2019-06-10,153208.8345486193
2019-06-11,153171.70870998758
2019-06-12,152901.28460430808
2019-06-13,153532.24424886273
2019-06-14,153362.5825789472
2019-06-17,153420.83081053052
2019-06-18,155027.37199892735
2019-06-19,155377.29245767125
2019-06-20,156861.7692051676
2019-06-21,156633.76949757623
2019-06-24,156441.96164525478
2019-06-25,154907.6065939944
2019-06-26,154753.12215370816
2019-06-27,155301.85533998703
2019-06-28,156101.02179575904
2019-07-01,157518.17989633142
2019-07-02,157928.4500492227
2019-07-03,159191.0698258534
2019-07-05,159009.94889853726
2019-07-08,158136.15357991334
2019-07-09,158333.27795290964
2019-07-10,159089.87632084553
2019-07-11,159462.80510048315
2019-07-12,160176.691690835
2019-07-15,160229.94670367637
2019-07-16,159713.18448632082
2019-07-17,158626.31523267593
2019-07-18,159207.0373490966
2019-07-19,158322.68083399686
2019-07-22,158711.5771368776
2019-07-23,159846.384882689
2019-07-24,160597.55896263904
2019-07-25,159830.38143700882
2019-07-26,160901.19336131812
2019-07-29,160608.20996520732
2019-07-30,160213.9971416517
2019-07-31,158461.1438673844
2019-08-01,157081.23733397323
2019-08-02,155898.54497965082
2019-08-05,151210.1999604494
2019-08-06,153330.61161002386
2019-08-07,153421.19003490044
2019-08-08,156431.31064268653
2019-08-09,155365.81523905214
2019-08-12,153474.42708652333
2019-08-13,155861.2574900526
2019-08-14,151252.786009504
2019-08-15,151652.36923739
2019-08-16,153890.03172130798
2019-08-19,155744.0605393646
2019-08-20,154550.68126003694
2019-08-21,155807.98451599275
2019-08-22,155760.01010138929
2019-08-23,151758.96906916524
2019-08-26,153437.13959692512
2019-08-27,152835.15139780488
2019-08-28,153911.35168766303
2019-08-29,155877.26093573277
2019-08-30,155807.98451599275
2019-09-03,154896.9555914261
2019-09-04,156655.10742514976
2019-09-05,158668.991087823
2019-09-06,158791.4506755304
2019-09-09,158871.4679039312
2019-09-10,158834.144491896
2019-09-11,159963.5997945955
2019-09-12,160517.66746276774
2019-09-13,160411.1035534295
2019-09-16,159915.661302429
2019-09-17,160320.50716733444
2019-09-18,160416.4559965414
2019-09-19,160405.7690715361
2019-09-20,159647.93137952394
2019-09-23,159610.4642777408
2019-09-24,158357.97462834197
2019-09-25,159294.63421170277
2019-09-26,158962.81866120308
2019-09-27,158106.42776330202
2019-09-30,158839.65858597434
2019-10-01,156950.31801235408
2019-10-02,154177.89617014735
2019-10-03,155440.96497724045
2019-10-04,157544.45715899146
2019-10-07,156864.75076743794
2019-10-08,154429.40711275028
2019-10-09,155895.90468053188
2019-10-10,156950.31801235408
2019-10-11,158577.44275714763
2019-10-14,158400.8121344555
2019-10-15,159969.04204379988
2019-10-16,159712.17865808506
2019-10-17,160183.08588461965
2019-10-18,159481.96972061862
2019-10-21,160563.16322921874
2019-10-22,160038.56992059885
2019-10-23,160504.26839376954
2019-10-24,160766.52014503325
2019-10-25,161424.8526865762
2019-10-28,162334.7141319406
2019-10-29,162286.54214393365
2019-10-30,162784.33731455714
2019-10-31,162350.75350005773
2019-11-01,163854.7900144965
2019-11-04,164513.14051725794
2019-11-05,164331.121529017
2019-11-06,164368.64251445566
2019-11-07,164946.65248688337
2019-11-08,165353.4022409494
2019-11-11,165037.62605856688
2019-11-12,165385.55282205768
2019-11-13,165439.07725317648
2019-11-14,165679.90127077416
2019-11-15,166878.84852783568
2019-11-18,167001.88287453496
2019-11-19,166953.782731402
2019-11-20,166332.88136920522
2019-11-21,166065.29513604814
2019-11-22,166434.59574954948
2019-11-25,167724.498617076
2019-11-26,168104.46819436408
2019-11-27,168853.79226880905
2019-11-29,168227.55642471887
2019-12-02,166798.54391993894
2019-12-03,165679.90127077416
2019-12-04,166702.1819827066
2019-12-05,167001.88287453496
2019-12-06,168527.32916142122
2019-12-09,167997.41933212648
2019-12-10,167810.1197456476
2019-12-11,168286.46922138656
2019-12-12,169736.92742105102
2019-12-13,169838.65976261377
2019-12-16,171005.42051613
2019-12-17,171042.90557913165
2019-12-18,171053.59250413693
2019-12-19,171754.76255179342
2019-12-20,172507.76867603007
2019-12-23,172771.29567380704
2019-12-24,172776.6840393559
2019-12-26,173696.42415489323
2019-12-27,173653.3890753762
2019-12-30,172695.96632343376
2019-12-31,173115.5403875061
2020-01-02,174734.49277788383
2020-01-03,173411.2898112653
2020-01-06,174072.90925579309
2020-01-07,173583.50197420732
2020-01-08,174508.59453285654
2020-01-09,175691.87960738933
2020-01-10,175186.28926793844
2020-01-13,176391.14576588522
2020-01-14,176122.2124413409
2020-01-15,176520.14323712527
2020-01-16,177988.56265528596
2020-01-17,178542.5405173657
2020-01-21,178192.90743811778
2020-01-22,178214.44293909476
2020-01-23,178418.82364436355
2020-01-24,176832.14756362358
2020-01-27,173997.6158278568
2020-01-28,175820.96688472183
2020-01-29,175675.7504331797
2020-01-30,176245.92931434306
2020-01-31,173045.63532511872
2020-02-03,174331.06584923962
2020-02-04,176988.1048238265
2020-02-05,179031.98372138845
2020-02-06,179634.38502853407
2020-02-07,178676.98023781014
2020-02-10,180010.92401308942
2020-02-11,180322.85649471372
2020-02-12,181484.67791314347
2020-02-13,181291.02005531697
2020-02-14,181581.47091961978
2020-02-18,181113.54525535554
2020-02-19,181979.43763784113
2020-02-20,181231.80191793485
2020-02-21,179365.48762642677
2020-02-24,173416.71409925117
2020-02-25,168161.8542874596
2020-02-26,167543.28788366733
2020-02-27,160018.632968068
2020-02-28,159346.30863731646
2020-03-02,166247.06266723017
2020-03-03,161486.98054135471
2020-03-04,168274.794429364
2020-03-05,162681.06030820374
2020-03-06,159991.69114032364
2020-03-09,147497.2478922959
2020-03-10,155129.51744851551
2020-03-11,147567.16193529256
2020-03-12,133448.35098951048
2020-03-13,144856.38299496492
2020-03-16,129005.67053629147
2020-03-17,135970.92330182515
2020-03-18,129086.34334916735
2020-03-19,129360.64707804202
2020-03-20,123785.94286787853
2020-03-23,120620.9785954363
2020-03-24,131549.62567922592
2020-03-25,133518.93857820073
2020-03-26,141315.07731137084
2020-03-27,137105.93760164926
2020-03-30,141558.52366686898
2020-03-31,139448.5295240223
2020-04-01,133172.68220803008
2020-04-02,136245.69402238075
2020-04-03,134276.38112340597
2020-04-06,143295.23878631735
2020-04-07,143441.2904345196
2020-04-08,148256.35185021206
2020-04-09,150512.49642796267
2020-04-13,149138.2656395963
2020-04-14,153536.7704759238
2020-04-15,150274.40251557642
2020-04-16,150999.33525530345
2020-04-17,155078.68720017112
2020-04-20,152346.53440983297
2020-04-21,147720.80219830945
2020-04-22,150999.33525530345
2020-04-23,150988.5585242057
2020-04-24,153093.146340285
2020-04-27,155300.4543649443
2020-04-28,154586.37020118898
2020-04-29,158633.19437935998
2020-04-30,157156.20745997655
2020-05-01,152995.72469116133
2020-05-04,153417.77740338616
2020-05-05,154835.2228834545
2020-05-06,153785.6590806263
2020-05-07,155641.35829200307
2020-05-08,158216.6198387765
2020-05-11,158249.07576059923
2020-05-12,155094.92414169174
2020-05-13,152351.94073660034
2020-05-14,154175.20198737292
2020-05-15,154883.91574679784
2020-05-18,159601.64531945912
2020-05-19,157962.36082974364
2020-05-20,160645.78483430148
2020-05-21,159536.6975533767
2020-05-22,159839.66738697138
2020-05-26,161809.04315021093
2020-05-27,164216.54691622942
2020-05-28,163913.57708263473
2020-05-29,164643.97003278462
2020-06-01,165309.39725563358
2020-06-02,166678.22171723258
2020-06-03,168896.41424030063
2020-06-04,168452.73622100634
2020-06-05,172770.12819460477
2020-06-08,174858.49703038196
2020-06-09,173554.60237364686
2020-06-10,172586.1873559847
2020-06-11,162636.7140597365
2020-06-12,164584.42859346955
2020-06-15,166120.9749133865
2020-06-16,169318.41306886997
2020-06-17,168615.0876749939
2020-06-18,168680.01747985784
2020-06-19,167715.98499950877
2020-06-22,168791.96975474496
2020-06-23,169568.9720668926
2020-06-24,165243.47958375237
2020-06-25,167015.01252525573
2020-06-26,163048.15169183002
2020-06-29,165444.55542481784
2020-06-30,167563.79959519007
2020-07-01,168737.6011463568
2020-07-02,169666.77090160467
2020-07-06,172286.01947247543
2020-07-07,170509.0263205492
2020-07-08,171813.28020165418
2020-07-09,170835.13020356707
2020-07-10,172579.4518990486
2020-07-13,171085.09648137933
2020-07-14,173302.1933701191
2020-07-15,174894.38354493745
2020-07-16,174318.3493065443
2020-07-17,174823.72411137322
2020-07-20,176236.5715195065
2020-07-21,176611.49399439717
2020-07-22,177616.80135485064
2020-07-23,175497.52126204144
2020-07-24,174367.2217820726
2020-07-27,175638.82216795138
2020-07-28,174524.90331925114
2020-07-29,176671.25096833418
2020-07-30,176040.9199664269
2020-07-31,177432.07022261672
2020-08-03,178665.61078650202
2020-08-04,179355.68080112783
2020-08-05,180469.67149470208
2020-08-06,181676.05469622102
2020-08-07,181806.45314250377
2020-08-10,182349.88776932625
2020-08-11,180844.6298920297
2020-08-12,183366.0257445329
2020-08-13,183034.58737962166
2020-08-14,183039.99370638904
2020-08-17,183621.39834911254
2020-08-18,184018.10778203918
2020-08-19,183251.90016220775
2020-08-20,183822.47419017807
2020-08-21,184474.5741889028
2020-08-24,186343.88800389974
2020-08-25,186995.98800262448
2020-08-26,188870.7081443888
2020-08-27,189283.65451883603
2020-08-28,190506.29262309405
2020-08-31,189816.22260846823
2020-09-01,191603.9745302737
2020-09-02,194375.37258302618
2020-09-03,187686.09393968733
2020-09-04,186153.69666124298
2020-09-08,181067.4028850387
2020-09-09,184642.99653474212
2020-09-10,181436.8651495065
2020-09-11,181529.32950232516
2020-09-14,183920.2730248901
2020-09-15,184849.53258623046
2020-09-16,184115.88865553273
2020-09-17,182496.57704078508
2020-09-18,180395.52758474956
2020-09-21,178387.80462002056
2020-09-22,180204.63575457144
2020-09-23,176025.5092409571
2020-09-24,176494.63830686058
2020-09-25,179348.06524448542
2020-09-28,182326.89740965102
2020-09-29,181333.911445086
2020-09-30,182708.77087609973
2020-10-01,183881.78213365265
2020-10-02,182135.91577338043
2020-10-05,185365.75596703112
2020-10-06,182730.61171779118
2020-10-07,185911.31001763613
2020-10-08,187559.01831882636
2020-10-09,189233.9199048199
2020-10-12,192278.20275018585
2020-10-13,191023.43202603803
2020-10-14,189823.1197163708
2020-10-15,189588.54620280984
2020-10-16,189473.98955124075
2020-10-19,186593.31544515712
2020-10-20,187340.75359165994
2020-10-21,186986.14525488854
2020-10-22,188011.80267589825
2020-10-23,188650.16234247337
2020-10-26,185163.92575478877
2020-10-27,184525.60201065065
2020-10-28,178218.6997478784
2020-10-29,180029.99882713245
2020-10-30,178153.24906767803
2020-11-02,180150.08753399836
2020-11-03,183330.7678726248
2020-11-04,187428.04511355172
2020-11-05,191083.476379471
2020-11-06,191039.7767348696
2020-11-09,193440.29358689307
2020-11-10,193156.6320631818
2020-11-11,194591.49992519154
2020-11-12,192703.77586123592
2020-11-13,195371.66341179452
2020-11-16,197810.43765921498
2020-11-17,196746.48692037127
2020-11-18,194378.731330885
2020-11-19,195197.1342516665
2020-11-20,193860.38852630177
2020-11-23,195022.53324666448
2020-11-24,198165.08191842336
2020-11-25,197859.50770814673
2020-11-27,198410.57585283008
2020-11-30,197532.1824622711
2020-12-01,199692.6117066552
2020-12-02,200112.77849093793
2020-12-03,200058.21230914633
2020-12-04,201782.20190529013
2020-12-07,201367.54921508575
2020-12-08,201956.78494907368
2020-12-09,200145.5038310381
2020-12-10,200080.0351896193
2020-12-11,199845.3898311843
2020-12-14,198950.66969301226
2020-12-15,201640.34420160676
2020-12-16,201956.78494907368
2020-12-17,203086.1684068992
2020-12-18,202275.2732754491
2020-12-21,201552.02889026073
2020-12-22,201212.3463260597
2020-12-23,201393.12599022442
2020-12-24,202176.6123022492
2020-12-28,203913.51601449182
2020-12-29,203524.44009942614
2020-12-30,203814.87300251043
2020-12-31,204850.40909369307
2021-01-04,202061.57069778076
2021-01-05,203453.2597905255
2021-01-06,204669.61146830986
2021-01-07,207710.44575972453
2021-01-08,208893.92840766074
2021-01-11,207485.80479999195
2021-01-12,207529.6481343413
2021-01-13,208088.49348663352
2021-01-14,207359.8248134593
2021-01-15,205847.56206094922
2021-01-19,207463.910074645
2021-01-20,210334.92104517765
2021-01-21,210526.6570526251
2021-01-22,209781.5359033083
2021-01-25,210608.90147211944
2021-01-26,210280.15728998263
2021-01-27,205140.77015190342
2021-01-28,206905.01083869732
2021-01-29,202762.90239640375
2021-02-01,206137.95904159656
2021-02-02,209052.77742404156
2021-02-03,209217.19441815623
2021-02-04,211595.1160573114
2021-02-05,212427.90591410836
2021-02-08,213962.06339196535
2021-02-09,213819.61296807163
2021-02-10,213726.46608895005
2021-02-11,214071.64478601093
2021-02-12,215129.12948619598
2021-02-16,214942.8357279529
2021-02-17,214992.10335028815
2021-02-18,214077.12295765232
2021-02-19,213699.07523074327
2021-02-22,212055.31839762224
2021-02-23,212312.8643096399
2021-02-24,214652.43874730557
2021-02-25,209480.18257937825
2021-02-26,208400.82111506478
2021-03-01,213452.48566200832
2021-03-02,211786.90594841432
2021-03-03,208981.59711514093
2021-03-04,206395.52291483275
2021-03-05,210192.45266006546
2021-03-08,209145.97818681857
2021-03-09,212132.0846454752
2021-03-10,213452.48566200832
2021-03-11,215616.75860715058
2021-03-12,215907.10170414246
2021-03-15,217194.65165204596
2021-03-16,216920.76103119663
2021-03-17,217660.42197009063
2021-03-18,214493.5717697063
2021-03-19,214096.64680215772
2021-03-22,215806.21353984904
2021-03-23,214107.65702909592
2021-03-24,213019.24311066035
2021-03-25,214217.56172507445
2021-03-26,217669.68995883467
2021-03-29,217559.71341798216
2021-03-30,216982.54762282377
2021-03-31,217862.0186864925
2021-04-01,220214.79461975294
2021-04-05,223375.53800584856
2021-04-06,223243.6308172121
2021-04-07,223501.9490616251
2021-04-08,224562.90027697996
2021-04-09,226195.50319341486
2021-04-12,226277.96314753112
2021-04-13,226948.5811625255
2021-04-14,226173.53662319394
2021-04-15,228603.20453283677
2021-04-16,229367.27476766717
2021-04-19,228240.36995799412
2021-04-20,226569.29411154025
2021-04-21,228713.1092288153
2021-04-22,226624.23747892023
2021-04-23,229081.36809164388
2021-04-26,229559.62145654345
2021-04-27,229510.1562608048
2021-04-28,229444.2385889236
2021-04-29,230906.44342548455
2021-04-30,229389.22337666957
2021-05-03,229883.98310136716
2021-05-04,228465.7652889035
2021-05-05,228537.23297730007
2021-05-06,230362.20054382976
2021-05-07,232038.80844558048
2021-05-10,229741.0297633556
2021-05-11,227690.70278835346
2021-05-12,222853.33353928864
2021-05-13,225530.3813112803
2021-05-14,228993.46588832326
2021-05-17,228410.803960305
2021-05-18,226442.86509454515
2021-05-19,225849.15701715168
2021-05-20,228278.87881045003
2021-05-21,228091.9743707781
2021-05-24,230417.1977948653
2021-05-25,229905.96763280663
2021-05-26,230362.20054382976
2021-05-27,230483.169350402
2021-05-28,230895.43319854635
2021-06-01,230692.04036029486
2021-06-02,231054.83901270057
2021-06-03,230197.29859681576
2021-06-04,232302.67670650885
2021-06-07,232077.31729803642
2021-06-08,232126.78249377507
2021-06-09,231780.47223994893
2021-06-10,232857.82204779086
2021-06-11,233242.65911529146
2021-06-14,233764.86358185136
2021-06-15,233336.0933739089
2021-06-16,232033.31231272063
2021-06-17,231956.29460780873
2021-06-18,228827.216849922
2021-06-21,232103.05572414157
2021-06-22,233343.9244651733
2021-06-23,233062.66974474056
2021-06-24,234441.39083773096
2021-06-25,235274.1986557465
2021-06-28,235748.42870770293
2021-06-29,235875.28879394187
2021-06-30,236073.83210319944
2021-07-01,237380.88793438982
2021-07-02,239195.29430444376
2021-07-06,238759.59106616178
2021-07-07,239603.39114989698
2021-07-08,237651.09650544738
2021-07-09,240187.9928895128
2021-07-12,241048.33525548308
2021-07-13,240226.60950927978
2021-07-14,240585.07950802785
2021-07-15,239763.31783938757
2021-07-16,237882.72437917496
2021-07-19,234369.70761471248
2021-07-20,237728.32974498122
2021-07-21,239653.0179966021
2021-07-22,240154.89036382423
2021-07-23,242625.6176189495
2021-07-26,243221.19366306657
2021-07-27,242112.71706357066
2021-07-28,242013.4633701604
2021-07-29,243017.1901433862
2021-07-30,241836.9405147793
2021-08-02,241329.6079371343
2021-08-03,243292.9307697406
2021-08-04,242096.2107037726
2021-08-05,243629.36235339378
2021-08-06,244031.94510476867
2021-08-09,243833.4017955112
2021-08-10,244136.6949310388
2021-08-11,244743.37100818654
2021-08-12,245476.8173654808
2021-08-13,245923.62063679344
2021-08-16,246502.65439867546
2021-08-17,244886.7374542236
2021-08-18,242206.4746241211
2021-08-19,242581.45098266724
2021-08-20,244511.72517324044
2021-08-23,246662.59904938456
2021-08-24,247054.15361260273
2021-08-25,247572.55030084142
2021-08-26,246111.09983545728
2021-08-27,248311.58259708804
2021-08-30,249403.55283678585
2021-08-31,249034.0007662256
2021-09-01,249166.33902410595
2021-09-02,249932.92382952577
2021-09-03,249872.25083344543
2021-09-07,248978.8598254421
2021-09-08,248675.54872869598
2021-09-09,247611.14895938986
2021-09-10,245658.87227615874
2021-09-13,246287.5508459644
2021-09-14,244958.4565996791
2021-09-15,247004.49084346063
2021-09-16,246612.90035780543
2021-09-17,244210.65922880633
2021-09-20,240138.65342230364
2021-09-21,239911.76731025905
2021-09-22,242252.09611910157
2021-09-23,245195.49080017407
2021-09-24,245599.3847204992
2021-09-27,244896.705930489
2021-09-28,239961.59173036765
2021-09-29,240365.46768947423
2021-09-30,237427.69486979104
2021-10-01,240249.29452824054
2021-10-04,237151.09210494885
2021-10-05,239618.6222631818
2021-10-06,240614.44610026924
2021-10-07,242694.69646528608
2021-10-08,242252.09611910157
2021-10-11,240498.27293903547
2021-10-12,239906.2532161807
2021-10-13,240769.37957101784
2021-10-14,244819.2751175517
2021-10-15,246683.77532599162
2021-10-18,247414.07847004905
2021-10-19,249322.81715964523
2021-10-20,250302.11667571613
2021-10-21,250954.98900683623
2021-10-22,250694.89260179206
2021-10-25,252039.36165111017
2021-10-26,252266.19387949927
2021-10-27,251148.62890344427
2021-10-28,253571.92058052096
2021-10-29,254086.45560678295
2021-11-01,254523.50593645213
2021-11-02,255552.59395019463
2021-11-03,257112.77723365265
2021-11-04,258324.458994628
2021-11-05,259220.7058363722
2021-11-08,259442.04193190145
2021-11-09,258584.44763236115
2021-11-10,256504.1972673443
2021-11-11,256587.19605801546
2021-11-12,258523.57706287736
2021-11-15,258612.10790884538
2021-11-16,259635.64590607252
2021-11-17,259004.95567979533
2021-11-18,259884.66023930447
2021-11-19,259419.9316719326
2021-11-22,258689.6285278752
2021-11-23,259032.6159562795
2021-11-24,259724.194713259
2021-11-26,253931.52213603433
2021-11-29,257046.410531309
2021-11-30,252044.893706407
2021-12-01,249245.36838548942
2021-12-02,253062.9176095558
2021-12-03,250860.8901831344
2021-12-06,253831.90921825412
2021-12-07,259082.4403763881
2021-12-08,259768.4152331968
2021-12-09,258014.61001434922
2021-12-10,260443.43374672273
2021-12-13,258136.2972696613
2021-12-14,256360.32790718938
2021-12-15,260365.98497256692
2021-12-16,258069.96648975465
2021-12-17,255323.3728797455
2021-12-20,252608.37305307126
2021-12-21,257094.474752005
2021-12-22,259665.06638196937
2021-12-23,261280.69594692532
2021-12-27,264978.38995996624
2021-12-28,264761.867470994
2021-12-29,265100.5442069592
2021-12-30,264367.6726086568
2021-12-31,263701.4012085385
2022-01-03,265228.21254803054
2022-01-04,265139.3763613481
2022-01-05,260048.12528883884
2022-01-06,259803.8527172899
2022-01-07,258776.6865539265
2022-01-10,258454.6957899443
2022-01-11,260808.7828921549
2022-01-12,261513.8864466621
2022-01-13,257910.59659803746
2022-01-14,258016.04691182895
2022-01-18,253446.71292638363
2022-01-19,250815.08907596898
2022-01-20,248038.96722275196
2022-01-21,243169.84253938583
2022-01-24,244202.48687439057
2022-01-25,241221.05033254297
2022-01-26,240615.86503653042
2022-01-27,239427.73043300366
2022-01-28,245374.0073508083
2022-01-31,249793.4729291209
2022-02-01,251481.27066999476
2022-02-02,253924.21192010635
2022-02-03,247955.73493624036
2022-02-04,249121.68743492424
2022-02-07,248322.1797160008
2022-02-08,250365.32220360442
2022-02-09,254029.6801951163
2022-02-10,249465.87826496788
2022-02-11,244546.7495493081
2022-02-14,243747.24183038468
2022-02-15,247678.09042072538
2022-02-16,247955.73493624036
2022-02-17,242659.06140778953
2022-02-18,241087.8140137378
2022-02-22,238500.5004893534
2022-02-23,234269.8791623103
2022-02-24,237795.4508185017
2022-02-25,243042.12031465903
2022-02-28,242420.3029303189
2022-03-01,238728.17689501186
2022-03-02,243119.83850709224
2022-03-03,241909.50383750413
2022-03-04,239944.1154647708
2022-03-07,232870.73616388967
2022-03-08,231105.18430814552
2022-03-09,237301.31973645143
2022-03-10,236229.71751852834
2022-03-11,233226.0449881824
2022-03-14,231521.59719776252
2022-03-15,236612.8123478348
2022-03-16,241859.57165008457
2022-03-17,244885.44424649188
2022-03-18,247567.59300453647
2022-03-21,247495.24521643357
2022-03-22,250391.27616433147
2022-03-23,247166.60880160774
2022-03-24,250892.46600525078
2022-03-25,252117.7084861908
2022-03-28,253911.0643081671
2022-03-29,257052.17608244627
2022-03-30,255464.92524271444
2022-03-31,251532.98101804545
2022-04-01,252245.843818943
2022-04-04,254406.72209378952
2022-04-05,251193.24457018895
2022-04-06,248681.49389201825
2022-04-07,249934.61218406443
2022-04-08,249266.23932138208
2022-04-11,245005.7305267612
2022-04-12,244097.93462152392
2022-04-13,246893.68808655726
2022-04-14,243819.4638899581
2022-04-18,243919.7054503856
2022-04-19,247857.23561400696
2022-04-20,247673.40254269788
2022-04-21,243969.81724999018
2022-04-22,237275.50946547234
2022-04-25,238651.14122888143
2022-04-26,231739.57454543302
2022-04-27,232391.20755247687
2022-04-28,238261.2570589834
2022-04-29,229456.14687678657
2022-05-02,230837.40050158495
2022-05-03,231895.5497668544
2022-05-04,238957.39796546093
2022-05-05,230464.18434245148
2022-05-06,229088.58850147936
2022-05-09,221753.81958782236
2022-05-10,222266.1813066463
2022-05-11,218735.2212849061
2022-05-12,218506.8623529448
2022-05-13,223730.9007137968
2022-05-16,222823.12276977792
2022-05-17,227406.6640790538
2022-05-18,218239.49165440962
2022-05-19,216902.90758001138
2022-05-20,216997.56320148663
2022-05-23,221057.6427589078
2022-05-24,219370.1323975299
2022-05-25,221308.219718149
2022-05-26,225730.27171192504
2022-05-27,231271.77460969822
2022-05-31,229974.09453456287
2022-06-01,228113.940940999
2022-06-02,232458.02328528286
2022-06-03,228643.02455424296
2022-06-06,229339.20138315755
2022-06-07,231539.07346335938
2022-06-08,229021.75480745485
2022-06-09,223574.96141481237
2022-06-10,217092.23678418034
2022-06-13,208849.67196528602
2022-06-14,208220.31086917748
2022-06-15,211188.81533370778
2022-06-16,204199.24307833015
2022-06-17,204639.45458245467
2022-06-21,209791.0014654558
2022-06-22,209410.65470257928
2022-06-23,211463.4423645154
2022-06-24,218186.63178837518
2022-06-27,217353.2492113678
2022-06-28,212912.0505586747
2022-06-29,212738.68887774894
2022-06-30,211010.35266672907
2022-07-01,213242.06998732476
2022-07-05,213644.79642844762
2022-07-06,214366.37042031586
2022-07-07,217576.95618773857
2022-07-08,217397.99060664192
2022-07-11,214914.54680882135
2022-07-12,213012.74114956468
2022-07-13,211894.0985003999
2022-07-14,211379.4916292639
2022-07-15,215417.94587961567
2022-07-18,213639.24641193228
2022-07-19,219411.58688981924
2022-07-20,220809.97551706308
2022-07-21,223058.4865769528
2022-07-22,220988.9590593782
2022-07-25,221257.44335346008
2022-07-26,218639.72148616152
2022-07-27,224316.99323454782
2022-07-28,227130.49238345548
2022-07-29,230441.75078054966
2022-08-01,229759.31428378474
2022-08-02,228243.54909366794
2022-08-03,231817.74176832865
2022-08-04,231661.10198182287
2022-08-05,231269.5474186047
2022-08-08,231001.0990469598
2022-08-09,230083.76573470092
2022-08-10,234916.4650669567
2022-08-11,234916.4650669567
2022-08-12,238893.34826030332
2022-08-15,239877.8206073011
2022-08-16,240347.63219950747
2022-08-17,238641.63974429693
2022-08-18,239335.24811896647
2022-08-19,236119.0404901545
2022-08-22,231202.4802287397
2022-08-23,230643.14992354807
2022-08-24,231381.48173227333
2022-08-25,234647.9987340933
2022-08-26,226705.35034164932
2022-08-29,225206.3788908265
2022-08-30,222734.07104847353
2022-08-31,221039.30435482317
2022-09-01,221732.84088461872
2022-09-02,219394.79315052525
2022-09-06,218566.9965124702
2022-09-07,222493.53441037182
2022-09-08,223947.85427201295
2022-09-09,227426.92433351756
2022-09-12,229871.24859745335
2022-09-13,219875.84846551024
2022-09-14,220714.85290390695
2022-09-15,218209.02942784
2022-09-16,216544.29389151532
2022-09-19,218223.59597604044
2022-09-20,215718.70648333532
2022-09-21,211955.777324716
2022-09-22,210175.38950249398
2022-09-23,206653.93096533825
2022-09-26,204609.5850760954
2022-09-27,204087.25488100603
2022-09-28,208102.952267523
2022-09-29,203755.8883609688
2022-09-30,200605.09548992006
2022-10-03,205901.33794912702
2022-10-04,212281.48606092695
2022-10-05,211787.28313400273
2022-10-06,209602.5164385562
2022-10-07,203755.8883609688
2022-10-10,202200.15945969784
2022-10-11,200919.59642578935
2022-10-12,200256.88134693334
2022-10-13,205541.86212214312
2022-10-14,200857.8637178178
2022-10-17,206019.28927099187
2022-10-18,208439.88676529413
2022-10-19,206962.82800103672
2022-10-20,205227.37914749235
2022-10-21,210214.6886485638
2022-10-24,212786.98659428535
2022-10-25,216184.9078706239
2022-10-26,214556.11273251023
2022-10-27,213410.36660463462
2022-10-28,218487.64384915377
2022-10-31,216909.35565745155
2022-11-01,215960.24894967285
2022-11-02,210540.46922964873
2022-11-03,208372.5321959332
2022-11-04,211371.66053799956
2022-11-07,213393.57286534063
2022-11-08,214544.86900973157
2022-11-09,210124.81071120859
2022-11-10,221672.04216000895
2022-11-11,223817.5097093857
2022-11-14,221913.566665128
2022-11-15,223806.26598660703
2022-11-16,222098.90847879078
2022-11-17,221419.34577698525
2022-11-18,222424.6890598757
2022-11-21,221615.91335220815
2022-11-22,224598.1940713251
2022-11-23,226013.53808882937
2022-11-25,225962.94133632543
2022-11-28,222357.31652929628
2022-11-29,221975.33529553656
2022-11-30,228967.7274622181
2022-12-01,228799.21531028632
2022-12-02,228535.27520448397
2022-12-05,224424.06005800396
2022-12-06,221189.06499464487
2022-12-07,220812.74154471152
2022-12-08,222542.58649808506
2022-12-09,220880.18592016492
2022-12-12,224064.63811467553
2022-12-13,225760.75189971316
2022-12-14,224317.37042013626
2022-12-15,218830.14632465874
2022-12-16,216246.62261737703
2022-12-19,214412.94385987663
2022-12-20,214706.35832523133
2022-12-21,217916.74651925056
2022-12-22,214807.9110546091
2022-12-23,216043.53511983994
2022-12-27,215191.58064290744
2022-12-28,212517.1911312532
2022-12-29,216342.58940780247
2022-12-30,215772.73382857203
2023-01-03,214864.32724190582
2023-01-04,216523.13557612675
2023-01-05,214051.86948444656
2023-01-06,218960.526809723
2023-01-09,218836.36090625843
2023-01-10,220371.07518188877
2023-01-11,223158.27910691794
2023-01-12,223970.75482559568
2023-01-13,224839.6287703516
2023-01-17,224427.76006901418
2023-01-18,220884.4786513855
2023-01-19,219276.48260429048
2023-01-20,223361.402526892
2023-01-23,226041.41389993555
2023-01-24,225798.81172170673
2023-01-25,225883.44498326106
2023-01-26,228366.02664259385
2023-01-27,228890.69179608775
2023-01-30,226018.85460950423
2023-01-31,229342.0751781169
2023-02-01,231779.48437293162
2023-02-02,235153.51722867019
2023-02-03,232654.03406273242
2023-02-06,231232.20604535102
2023-02-07,234256.39028721963
2023-02-08,231694.85111137736
2023-02-09,229686.2300857235
2023-02-10,230222.2646905255
2023-02-13,232924.81739278187
2023-02-14,232817.64280201474
2023-02-15,233573.73825583275
2023-02-16,230357.6743167687
2023-02-17,229782.17891493044
2023-02-21,225172.53995517956
2023-02-22,224862.2239832199
2023-02-23,226058.333367759
2023-02-24,223643.53734703103
2023-02-27,224405.25466223838
2023-02-28,223575.8055920817
2023-03-01,222718.21129254138
2023-03-02,224450.31935944545
2023-03-03,228050.03492558934
2023-03-06,228208.03976470084
2023-03-07,224709.89488915322
2023-03-08,225076.6270484096
2023-03-09,220924.01129329574
2023-03-10,217736.1823897078
2023-03-13,217425.83049531112
2023-03-14,221019.9242000657
2023-03-15,219637.610863376
2023-03-16,223491.17233052736
2023-03-17,220877.94076785285
2023-03-20,223001.8548550341
2023-03-21,225930.0004616033
2023-03-22,222078.684146764
2023-03-23,222678.9839913456
2023-03-24,224140.25484454478
2023-03-27,224559.3259944992
2023-03-28,224055.2623586205
2023-03-29,227311.91865148608
2023-03-30,228642.91678693198
2023-03-31,231865.50064831018
2023-04-03,232749.03094735908
2023-04-04,231457.72710478987
2023-04-05,230851.73355394497
2023-04-06,231752.23720447285
2023-04-10,231990.11558223717
2023-04-11,232052.42304920062
2023-04-12,231106.58528318827
2023-04-13,234176.28325272637
2023-04-14,233604.25436605787
2023-04-17,234442.48647205924
2023-04-18,234595.3903251178
2023-04-19,234555.7858383336
2023-04-20,233275.7796021985
2023-04-21,233457.02625804418
2023-04-24,233700.5444584163
2023-04-25,229990.79846776437
2023-04-26,229016.65382140194
2023-04-27,233575.92952448933
2023-04-28,235569.5349714803
2023-05-01,235331.65659371598
2023-05-02,232686.7055191771
2023-05-03,231089.55804805382
2023-05-04,229452.7701677093
2023-05-05,233700.5444584163
2023-05-08,233762.81600294274
2023-05-09,232737.66149605098
2023-05-10,233825.10550868773
2023-05-11,233417.34992638594
2023-05-12,233111.50629783186
2023-05-15,233915.75577843832
2023-05-16,232352.5909327099
2023-05-17,235173.11291804962
2023-05-18,237438.56140698126
2023-05-19,237093.07736920597
2023-05-22,237189.38542278286
2023-05-23,234527.460996765
2023-05-24,232828.293804583
2023-05-25,234844.58427053477
2023-05-26,237885.99332094126
2023-05-30,237976.60766825484
2023-05-31,236656.97898411707
2023-06-01,238905.45412156978
2023-06-02,242360.29449932298
2023-06-05,241895.88923388397
2023-06-06,242422.61992750494
2023-06-07,241584.36986028508
2023-06-08,243045.62275226574
2023-06-09,243481.73909857316
2023-06-12,245690.51994314918
2023-06-13,247310.40631688872
2023-06-14,247604.8804941347
2023-06-15,250674.5784636728
2023-06-16,249820.72009757973
2023-06-20,248524.6385708905
2023-06-21,247251.26002438055
2023-06-22,248143.77093267755
2023-06-23,246267.75758318155
2023-06-26,245261.58808424027
2023-06-27,247950.49026043946
2023-06-28,248075.55422482884
2023-06-29,249053.30907610903
2023-06-30,251992.33918108698
2023-07-03,252282.23324761642
2023-07-05,251907.04135444833
2023-07-06,249934.46849431642
2023-07-07,249303.4370048878
2023-07-10,249934.46849431642
2023-07-11,251526.17371623535
2023-07-12,253549.90012664453
2023-07-13,255562.32893061955
2023-07-14,255403.15661230584
2023-07-17,256289.95585312104
2023-07-18,258194.34792784115
2023-07-19,258768.49623829222
2023-07-20,257051.69112954687
2023-07-21,257051.69112954687
2023-07-24,258200.04163410445
2023-07-25,258904.91169277122
2023-07-26,258944.7137529589
2023-07-27,257227.94456665058
2023-07-28,259746.2510895724
2023-07-31,260240.8312020851
2023-08-01,259496.17704444917
2023-08-02,255886.31338985488
2023-08-03,255153.0107223086
2023-08-04,253999.0024339247
2023-08-07,256216.08136144598
2023-08-08,255101.8392108128
2023-08-09,253396.4215145941
2023-08-10,253487.3771250591
2023-08-11,253339.55629683498
2023-08-14,254738.0167689528
2023-08-15,251770.60793875082
2023-08-16,249923.09904300832
2023-08-17,248018.67104585122
2023-08-18,248138.09518763277
2023-08-21,249752.53931216797
2023-08-22,249076.04797872528
2023-08-23,251850.1940979077
2023-08-24,248359.79050753196
2023-08-25,250110.6500865461
2023-08-28,251696.73344707576
2023-08-29,255334.9399044571
2023-08-30,256386.58720863087
2023-08-31,256011.39531546275
2023-09-01,256488.912270404
2023-09-05,255380.3997484711
2023-09-06,253663.63056216275
2023-09-07,252884.79620572852
2023-09-08,253265.68180515993
2023-09-11,254931.33336362793
2023-09-12,253532.8369690731
2023-09-13,253828.51454795833
2023-09-14,256017.0710605076
2023-09-15,252932.50120205455
2023-09-18,253080.82494439653
2023-09-19,252556.01610115473
2023-09-20,250234.16938614481
2023-09-21,246098.22164179548
2023-09-22,245544.85446114457
2023-09-25,246577.40899005684
2023-09-26,242954.82879276725
2023-09-27,243051.8373338655
2023-09-28,244460.93084733307
2023-09-29,243867.63587796502
2023-10-02,243770.64529808526
2023-10-03,240507.50500534254
2023-10-04,242258.88545969312
2023-10-05,242167.62450851372
2023-10-06,245042.83840417446
2023-10-09,246611.64307251072
2023-10-10,247895.241552345
2023-10-11,248910.64311759337
2023-10-12,247393.1895729379
2023-10-13,246160.94221678434
2023-10-16,248750.91400150623
2023-10-17,248739.47270532412
2023-10-18,245424.99925011914
2023-10-19,243268.61127989666
2023-10-20,240279.34364678472
2023-10-23,239862.84095107525
2023-10-24,241671.30215780693
2023-10-25,238202.7753315596
2023-10-26,235350.40810582606
2023-10-27,234283.60153324145
2023-10-30,237084.6715189497
2023-10-31,238573.60264863315
2023-11-01,241117.93497715602
2023-11-02,245738.79969846705
2023-11-03,247980.75491360563
2023-11-06,248551.23913548343
2023-11-07,249258.65968717664
2023-11-08,249441.18158953552
2023-11-09,247495.89182029944
2023-11-10,251357.98486623654
2023-11-13,251118.3822114966
2023-11-14,255990.27292251115
2023-11-15,256532.25269063542
2023-11-16,256845.98129410937
2023-11-17,257165.47544872062
2023-11-20,259145.05318406606
2023-11-21,258580.22674601452
2023-11-22,259578.56515369145
2023-11-24,259738.29426977856
2023-11-27,259270.51229526234
2023-11-28,259527.23199122917
2023-11-29,259344.69212765183
2023-11-30,260365.82332160044
2023-12-01,261906.10557496466
2023-12-04,260531.2641051694
2023-12-05,260479.9489039256
2023-12-06,259430.27733378642
2023-12-07,261409.81914669482
2023-12-08,262533.6705492235
2023-12-11,263554.80174317217
2023-12-12,264758.54464557214
2023-12-13,268409.5574517413
2023-12-14,269270.9954520399
2023-12-15,268827.6407346785
2023-12-18,270339.7957198776
2023-12-19,271983.7142039651
2023-12-20,268214.76803714957
2023-12-21,270757.95084768865
2023-12-22,271302.103923251
2023-12-26,272447.6704389416
2023-12-27,272940.23889498273
2023-12-28,273043.3722115882
2023-12-29,272252.8989855683
2024-01-02,270729.2847429687
2024-01-03,268518.3305909546
2024-01-04,267653.44403670484
2024-01-05,268020.01454499474
2024-01-08,271846.2390375948
2024-01-09,271433.84946092096
2024-01-10,272968.92296092125
2024-01-11,272848.6187194334
2024-01-12,273037.6425828879
2024-01-16,272035.26290104934
2024-01-17,270523.10791585024
2024-01-18,272928.7975988006
2024-01-19,276331.1912185447
2024-01-22,276915.45169500913
2024-01-23,277723.0419622559
2024-01-24,278026.640438498
2024-01-25,279538.8133849156
2024-01-26,279183.6841728077
2024-01-29,281394.6742472588
2024-01-30,281177.0022403028
2024-01-31,276588.9706264029
2024-02-01,280209.000330666
2024-02-02,283158.86105039716
2024-02-05,282127.8152638386
2024-02-06,282946.9186721415
2024-02-07,285306.8072479264
2024-02-08,285432.8231568961
2024-02-09,287082.4712696839
2024-02-12,286956.45536071423
2024-02-13,283004.21495914453
2024-02-14,285576.0279519667
2024-02-15,287546.445465879
2024-02-16,286114.46936004714
2024-02-20,284539.2884591448
2024-02-21,284797.03194456594
2024-02-22,290691.04171654646
2024-02-23,290891.5248374016
2024-02-26,289826.10127864114
2024-02-27,290364.5606479402
2024-02-28,289980.7653311124
2024-02-29,291023.2524138531
2024-03-01,293755.4590878467
2024-03-04,293440.437276641
2024-03-05,290507.7474817923
2024-03-06,291979.8309885262
2024-03-07,294878.1430111731
2024-03-08,293108.2265793344
2024-03-11,292856.2127226136
2024-03-12,296006.55656319985
2024-03-13,295542.5644057863
2024-03-14,294958.33985175885
2024-03-15,292932.97897046653
2024-03-18,294673.9059956523
2024-03-19,296311.48416961066
2024-03-20,299052.150577516
2024-03-21,300040.41274161654
2024-03-22,299471.5809518404
2024-03-25,298644.21538302925
2024-03-26,298092.6263630095
2024-03-27,300597.76731277356
2024-03-28,300540.2734523671
2024-04-01,300017.40442072286
2024-04-02,298109.8870939844
2024-04-03,298437.320107171
2024-04-04,294794.6053839471
2024-04-05,297874.2718297506
2024-04-08,298040.9160149588
2024-04-09,298385.6636427758
2024-04-10,295397.86882958055
2024-04-11,297627.21526933473
2024-04-12,293519.03556878056
2024-04-15,289841.7814223884
2024-04-16,289313.18276204384
2024-04-17,287600.9577640151
2024-04-18,287009.17153700074
2024-04-19,284504.0485484552
2024-04-22,287124.06945172127
2024-04-23,290531.29463924083
2024-04-24,290393.37044240814
2024-04-25,289290.21036358713
2024-04-26,292030.9126939295
2024-04-29,293065.1196549434
2024-04-30,288422.61166534445
2024-05-01,287486.0598492946
2024-05-02,290175.0338703678
2024-05-03,293771.8576803338
2024-05-06,296805.6152516609
2024-05-07,297133.06622606603
2024-05-08,297161.80417565996
2024-05-09,298874.01121247024
2024-05-10,299259.0278921558
2024-05-13,299299.1891767134
2024-05-14,300672.450059281
2024-05-15,304395.70288624207
2024-05-16,303769.359274841
2024-05-17,304206.0324189217
2024-05-20,304556.4917142205
2024-05-21,305303.49879147945
2024-05-22,304424.3330685251
2024-05-23,302200.8060635637
2024-05-24,304200.2848290029
2024-05-28,304412.9097335615
2024-05-29,302281.2004775529
2024-05-30,300276.0280058503
2024-05-31,303010.8929401814
2024-06-03,303258.0033842528
2024-06-04,303597.03934458795
2024-06-05,307205.26852829906
2024-06-06,307199.5568608173
2024-06-07,306826.10720584326
2024-06-10,307774.06439563824
2024-06-11,308515.32388297835
2024-06-12,311049.1848211179
2024-06-13,311675.4206652081
2024-06-14,311865.05521009146
2024-06-17,314347.1878389619
2024-06-18,315145.887303053
2024-06-20,314289.7119397739
2024-06-21,313868.41359872586
2024-06-24,312848.0726983911
2024-06-25,314052.87531268236
2024-06-26,314444.7891002705
2024-06-27,314940.5546532039
2024-06-28,313701.2305769628
2024-07-01,314346.8286145919
2024-07-02,316462.229084206
2024-07-03,317874.5556170029
2024-07-05,319707.5338869819
2024-07-08,320076.4932373318
2024-07-09,320387.6893089978
2024-07-10,323558.0599082074
2024-07-11,320768.1797616223
2024-07-12,322791.40325791354
2024-07-15,323679.0825984351
2024-07-16,325598.5980191291
2024-07-17,321033.3591915009
2024-07-18,318566.2062188564
2024-07-19,316450.6979819314
2024-07-22,319713.38924421166
2024-07-23,319211.84017892246
2024-07-24,311977.70797249995
2024-07-25,310352.14585371554
2024-07-26,313828.03677954635
2024-07-29,314012.4625710658
2024-07-30,312421.5296815422
2024-07-31,317499.84867673414
2024-08-01,313003.72461787955
2024-08-02,307176.1354318982
2024-08-05,298230.02968450583
2024-08-06,300979.5330119113
2024-08-07,298967.8226566761
2024-08-08,305879.15584428416
2024-08-09,307228.0074309153
2024-08-12,307389.4069403226
2024-08-13,312444.5918860914
2024-08-14,313430.30355716543
2024-08-15,318802.61177670397
2024-08-16,319517.3245831067
2024-08-19,322572.34823713335
2024-08-20,322047.8447346059
2024-08-21,323154.61501834466
2024-08-22,320618.3113544896
2024-08-23,324024.9797442358
2024-08-26,323252.5395815862
2024-08-27,323696.43313550245
2024-08-28,321817.25861155114
2024-08-29,321846.0324835821
2024-08-30,324918.40667467617
2024-09-03,318231.91202020424
2024-09-04,317580.5304702193
2024-09-05,316808.16215244366
2024-09-06,311476.2666745217
2024-09-09,314963.5809353161
2024-09-10,316335.4588040594
2024-09-11,319580.7276843984
2024-09-12,322272.647345305
2024-09-13,323955.7931305883
2024-09-16,324434.1722240173
2024-09-17,324566.7978613936
2024-09-18,323604.2202397428
2024-09-19,329126.32502154
2024-09-20,328557.3854644529
2024-09-23,329378.39276191633
2024-09-24,330320.88974128844
2024-09-25,329592.3108742066
2024-09-26,330899.06136468257
2024-09-27,330419.1016840259
2024-09-30,331743.23863400624
2024-10-01,328771.26765430614
2024-10-02,328910.10787328216
2024-10-03,328308.7303555908
2024-10-04,331292.23243756546
2024-10-07,328297.16333087924
2024-10-08,331402.0473274515
2024-10-09,333697.4910512719
2024-10-10,333113.5359155219
2024-10-11,335108.2729192782
2024-10-14,337848.90340474655
2024-10-15,335223.907243957
2024-10-16,336680.92128837254
2024-10-17,336709.8747725885
2024-10-18,338005.02231591597
2024-10-21,337449.9488195079
2024-10-22,337270.69585891534
2024-10-23,334188.9459117662
2024-10-24,334911.7053440552
2024-10-25,334795.9991745024
2024-10-28,335831.0323515672
2024-10-29,336374.5388232636
2024-10-30,335356.9280281402
2024-10-31,328782.8346790178
2024-11-01,330170.48249760084
2024-11-04,329459.36193489743
2024-11-05,333443.12427492806
2024-11-06,341734.34603472875
2024-11-07,344376.6568101487
2024-11-08,345868.443773573
2024-11-11,346198.03213297913
2024-11-12,345122.58621429786
2024-11-13,345290.23622774176
2024-11-14,343069.97816454666
2024-11-15,338675.6942145658
2024-11-18,340063.37795558583
2024-11-19,341306.5098101481
2024-11-20,341422.14413482696
2024-11-21,343254.978715058
2024-11-22,344318.9294539018
2024-11-25,345486.8397254017
2024-11-26,347290.7567438538
2024-11-27,346238.4448745957
2024-11-29,348389.3367119583
2024-12-02,349013.7405117618
2024-12-03,349175.67885772395
2024-12-04,351343.885309717
2024-12-05,350765.71368632274
2024-12-06,351430.63799505384
2024-12-09,349620.9015418089
2024-12-10,348533.8526759791
2024-12-11,351228.2509850381
2024-12-12,349418.51453179325
2024-12-13,349349.14830596076
2024-12-16,350840.82750207407
2024-12-17,349395.41640480707
2024-12-18,338982.1485245488
2024-12-19,338878.04530214454
2024-12-20,342948.38071532705
2024-12-23,345002.030515751
2024-12-24,348836.7147422628
2024-12-26,348859.92063655995
2024-12-27,345187.67767012824
2024-12-30,341248.53099684225
2024-12-31,340007.0156519446
2025-01-02,339171.6393796842
2025-01-03,343412.4626788331
2025-01-06,345390.7112840098
2025-01-07,341486.4093746065
2025-01-08,341985.3001795583
2025-01-10,336764.0817300102
2025-01-13,337286.2143516961
2025-01-14,337750.29631520214
2025-01-15,343893.9670242805
2025-01-16,343232.5990368117
2025-01-17,346678.6384175017
2025-01-21,349851.95465654467
2025-01-22,351818.67215944675
2025-01-23,353738.8701064436
2025-01-24,352706.2796550943
2025-01-27,347717.0483036437
2025-01-28,350704.7533107465
2025-01-29,349132.571933333
2025-01-30,351006.3940141725
2025-01-31,349138.39136812574
2025-02-03,346788.84845419467
2025-02-04,349115.2213962656
2025-02-05,350530.74502595485
2025-02-06,351748.9826316813
2025-02-07,348529.254604044
2025-02-10,350896.1839774795
2025-02-11,351163.08768433373
2025-02-12,350031.7823761291
2025-02-13,353727.267159295
2025-02-14,353709.91662222764
2025-02-18,354748.32650836965
2025-02-19,355583.7387030671
2025-02-20,354104.3809028422
2025-02-21,348047.7502585966
2025-02-24,346464.0018564715
2025-02-25,344740.9462436895
2025-02-26,344914.9904509182
2025-02-27,339409.5177574484
2025-02-28,344706.1733246808
2025-03-03,338666.8932175026
2025-03-04,334658.1647837622
2025-03-05,338255.0065549467
2025-03-06,332250.60713408823
2025-03-07,334112.86219021614
2025-03-10,325213.5094945695
2025-03-11,322510.09465382533
2025-03-12,324221.5113970218
2025-03-13,319899.46746783284
2025-03-14,326507.2560628542
2025-03-17,329025.0237492212
2025-03-18,325468.81025427516
2025-03-19,329013.42080207256
2025-03-20,328062.01505832636
2025-03-21,328170.2493609847
2025-03-24,334047.2678202678
2025-03-25,334850.24205436104
2025-03-26,330852.7573433993
2025-03-27,329974.05861212587
2025-03-28,323328.9466050693
2025-03-31,325499.41617059277
2025-04-01,326418.7431781047
2025-04-02,328484.4629173581
2025-04-03,312296.48367837135
2025-04-04,294013.7414098227
2025-04-07,293490.02820090915
2025-04-08,288893.1596675091
2025-04-09,319232.4955801932
2025-04-10,305244.08308069385
2025-04-11,310690.4992877479
2025-04-14,313704.60728604015
2025-04-15,312825.9803996407
2025-04-16,305872.47427100356
2025-04-17,306308.89595802536
2025-04-21,299017.9164950622
2025-04-22,306797.6925581822
2025-04-23,311551.631947332
2025-04-24,318109.4883549338
2025-04-25,320407.9495634616
2025-04-28,320530.12177167303
2025-04-29,322549.28603258415
2025-04-30,322677.2776755884
2025-05-01,324964.0640920936
2025-05-02,329787.87262119376
2025-05-05,327896.73592572386
2025-05-06,325156.1054402555
2025-05-07,326523.5289268118
2025-05-08,328798.67647373147
2025-05-09,328379.713091088
2025-05-12,339231.77353920956
2025-05-13,341472.0763222465
2025-05-14,341908.49800926837
2025-05-15,343578.5321050494
2025-05-16,345754.74926049175
2025-05-19,346132.9406771487
2025-05-20,344969.16148590285
2025-05-21,339156.1927317774
2025-05-22,339290.0756544484
2025-05-23,336974.08429666836
2025-05-27,343980.0371833145
2025-05-28,341989.97009636735
2025-05-29,343339.8993561083
2025-05-30,342955.8885046585
2025-06-02,344887.7612436779
2025-06-03,346854.51466901693
2025-06-04,346761.4037123324
2025-06-05,345085.55018175853
2025-06-06,348629.26266863116
2025-06-09,348943.4403025675
2025-06-10,350921.83259749215
2025-06-11,349920.99758044427
2025-06-12,351311.6988061717
2025-06-13,347384.0113902863
2025-06-16,350689.1270506548
2025-06-17,347692.3695894299
2025-06-18,347640.0305987318
2025-06-20,346823.58545076643
2025-06-23,350249.2927321187
2025-06-24,354118.6421103282
2025-06-25,354317.0058074008
2025-06-26,357089.14027011156
2025-06-27,358863.3135107339
2025-06-30,360579.07686880644
2025-07-01,360462.4007934548
2025-07-02,362096.4765298064
2025-07-03,364950.2986142381
2025-07-07,362230.6827544104
2025-07-08,362032.2831349008
2025-07-09,364203.2556145422
2025-07-10,365230.42177790555
2025-07-11,363946.48203491984
2025-07-14,364640.97050929576
2025-07-15,363082.7629598723
2025-07-16,364296.6180282857
2025-07-17,366526.0003904769
2025-07-18,366257.552018832
2025-07-21,366952.04049320787
2025-07-22,367004.5231736539
2025-07-23,370126.86547460454
2025-07-24,370249.3969071859
2025-07-25,371813.4598138392
2025-07-28,371720.06147765863
2025-07-29,370739.63040482247
2025-07-30,370272.7464912311
2025-07-31,368883.7695424793
2025-08-01,362837.6282498355
2025-08-04,368352.65631154523
2025-08-05,366485.12065717945
2025-08-06,369292.3154183949
2025-08-07,368982.9873134526
2025-08-08,371860.1589819294
2025-08-11,371124.7548518191
2025-08-12,375075.7918517495
2025-08-13,376359.73159473523
2025-08-14,376394.755970803
2025-08-15,375513.5067465031
2025-08-18,375431.7832023452
2025-08-19,373395.0169473077
2025-08-20,372402.91108244896
2025-08-21,370908.86100549414
2025-08-22,376604.7944598981
2025-08-25,374947.36913950136
2025-08-26,376517.2874033844
2025-08-27,377375.18704363913
2025-08-28,378711.6453895079
2025-08-29,376453.0940084788
2025-09-02,373663.4653189526
2025-09-03,375688.5567819675
2025-09-04,378828.3573872965
2025-09-05,377731.1424717977
2025-09-08,378659.12678662484
2025-09-09,379534.5206536949
2025-09-10,380631.6996467567
2025-09-11,383794.8139136938
2025-09-12,383666.39120144566
2025-09-15,385709.0128137129
2025-09-16,385177.9714276528
2025-09-17,384699.41272203886
2025-09-18,386496.8996242693
2025-09-19,388411.1703691623
2025-09-22,390248.7826335134
2025-09-23,388124.4374770882
2025-09-24,386889.56778303423
2025-09-25,385104.65373375115
2025-09-26,387310.97389139317
2025-09-29,388399.45965470275
2025-09-30,389862.5086685331
2025-10-01,391190.95631095255
2025-10-02,391641.5314381494
2025-10-03,391635.7479257936
2025-10-06,393040.2433673261
2025-10-07,391583.0497107256
2025-10-08,393918.0799601117
2025-10-09,392776.89598173415
2025-10-10,382160.98963440116
2025-10-13,388024.896404182
2025-10-14,387550.86392562906
2025-10-15,389271.4049678216
2025-10-16,386620.36504021246
2025-10-17,388814.97448339494
2025-10-20,392858.83506051404
2025-10-21,392852.9797032843
2025-10-22,390810.573625639
2025-10-23,393128.0378033358
2025-10-24,396340.9046455075
2025-10-27,401016.8205015096
2025-10-28,402081.920758337
2025-10-29,402275.07570204564
2025-10-30,397850.79651717603
2025-10-31,399155.78680823935
2025-11-03,399904.9133092809
2025-11-04,395164.6244461883
2025-11-05,396534.02366677916
2025-11-06,392279.47799669905
2025-11-07,392665.6801168054
2025-11-10,398792.9701946152
2025-11-11,399705.90300834243
2025-11-12,399928.33473819995
2025-11-13,393291.91596089554
2025-11-14,393227.507031368
2025-11-17,389564.02913956245
2025-11-18,386292.64464752993
2025-11-19,387784.97044750914
2025-11-20,381874.25674232707
2025-11-21,385678.1913627733
2025-11-24,391354.7985460753
2025-11-25,395035.87843200716
2025-11-26,397763.00208116637
2025-11-28,399934.15417299274
2025-12-01,398108.25262310123
2025-12-02,398845.66840968316
2025-12-03,400226.77834473364
2025-12-04,400519.3665940375
2025-12-05,401280.1678871015
2025-12-08,400074.6109016334
2025-12-09,399729.32443726156
2025-12-10,402380.4002873076
2025-12-11,403316.718607517
2025-12-12,398980.26978109404
2025-12-15,398377.455365923
2025-12-16,397288.9696026134
2025-12-17,392917.3527103748
2025-12-18,395884.4023162069
2025-12-19,399472.4790127652
2025-12-22,401961.14952516824
2025-12-23,403798.29479783843
2025-12-24,405218.70387895865
2025-12-26,405177.6086110392
2025-12-29,403733.70625612594
2025-12-30,403240.70673084084
2025-12-31,400253.10949104914
2026-01-02,400986.78934418387
2026-01-05,403657.40699995385
2026-01-06,406058.03161928826
2026-01-07,404749.1617050297
2026-01-08,404708.0664371103
2026-01-09,407384.53945011017
2026-01-12,408024.3180529465
2026-01-13,407208.4835864099
2026-01-14,405206.9572420621
2026-01-15,406310.4226615975
2026-01-16,405969.98572621966
2026-01-20,397705.7417166003
2026-01-21,402295.6951808793
2026-01-22,404396.9781327553
2026-01-23,404543.68536543264
2026-01-26,406598.01769215945
2026-01-27,408218.01183321
2026-01-28,408176.91656529054
2026-01-29,407366.9374559838
2026-01-30,406151.9328695867
2026-02-02,408171.06120806077
2026-02-03,404719.8130740068
2026-02-04,402759.3819975785
2026-02-05,397729.23499039345
2026-02-06,405359.5557544062
2026-02-09,407314.1314736048
2026-02-10,406239.9787626552
2026-02-11,406146.11343479384
2026-02-12,399871.6132101888
2026-02-13,400153.3169610839
2026-02-17,400798.9509211501
2026-02-18,402818.0792596242
2026-02-19,401755.6731855712
2026-02-20,404661.1158119611
2026-02-23,400528.9938071515
2026-02-24,403440.21994589723
2026-02-25,406844.5892996759
2026-02-26,404584.7806333521
2026-02-27,402641.987473487
2026-03-02,402870.92116444017
2026-03-03,399319.8805004211
2026-03-04,402137.2053888685
2026-03-05,399895.07056154497
2026-03-06,394653.591857533
2026-03-09,398110.7671936907
2026-03-10,397470.95266841736
2026-03-11,396972.06186346564
2026-03-12,390944.0614015031
2026-03-13,388731.27520520246
2026-03-16,392687.3413463119
2026-03-17,393720.3269444681
2026-03-18,388226.4931205839
2026-03-19,387269.7708561628
2026-03-20,381717.9582189727
2026-03-23,385726.00412641035
2026-03-24,384431.1798850159
2026-03-25,386573.52218237426
2026-03-26,379669.8045514087
2026-03-27,373195.7192668733
2026-03-30,371947.9534179391
2026-03-31,382759.7088917551
2026-04-01,385643.59805594955
2026-04-02,385990.860254356
2026-04-06,387815.3608292048
2026-04-07,387986.02832735615
2026-04-08,397867.8596747475
2026-04-09,400163.1956312569
2026-04-10,399898.37542574824
2026-04-13,403806.3414237247
2026-04-14,408726.67354102375
2026-04-15,411951.9336239578
2026-04-16,412964.2278984063
2026-04-17,417955.18352683255
2026-04-20,417119.41210776515
2026-04-21,414388.55252515874
2026-04-22,418584.93976974796
2026-04-23,416960.52716894733
2026-04-24,420191.67853154824
2026-04-27,420915.587481821
2026-04-28,418867.433814257
2026-04-29,418802.70158279646
2026-04-30,422969.63242905185
2026-05-01,424140.88348719216
2026-05-04,422587.0943975187
2026-05-05,425977.16662137443
2026-05-06,431898.0104537884
2026-05-07,430573.7657364971
2026-05-08,434128.61417883734
2026-05-11,435117.37925705576
2026-05-12,434458.2025382435
2026-05-13,436888.93015977764
2026-05-14,440337.843335427
2026-05-15,435040.86446626176
2026-05-18,434734.8412255227
2026-05-19,431839.1335795577
2026-05-20,436265.0651965289
2026-05-21,437130.2211690562
2026-05-22,438848.8223996511
2026-05-26,441762.1679621794
2026-05-27,441685.65317138546
2026-05-28,444122.2361501493
2026-05-29,445228.71905439213
2026-06-01,446441.13722532586
2026-06-02,447047.3642720112
2026-06-03,443910.3656167676
2026-06-04,445587.7638121321
2026-06-05,434087.41114360694
2026-06-08,435070.28494215856
2026-06-09,433793.1345397644
2026-06-10,426954.14914025937
2026-06-11,434211.02024929813
2026-06-12,436559.3418003715
2026-06-15,444257.62781517406
