ticker,entry_date,exit_date,entry_price,exit_price,exit_reason,pnl_pct,pnl_$,holding_days,rsi_at_entry
CNX,2017-03-01,2017-04-03,13.39,13.99,DROPPED_FROM_TOP,4.46,44.6,33,0.0
FCX,2017-03-01,2017-04-03,12.64,11.94,DROPPED_FROM_TOP,-5.55,-55.5,33,0.0
NVDA,2017-03-01,2017-04-03,2.53,2.67,REBALANCE_ADJUST,5.44,54.4,33,0.0
OKE,2017-03-01,2017-04-03,31.41,31.36,REBALANCE_ADJUST,-0.14,-1.4,33,0.0
URI,2017-03-01,2017-04-03,128.73,119.53,REBALANCE_ADJUST,-7.15,-71.5,33,0.0
CSX,2017-04-03,2017-05-01,13.72,15.13,DROPPED_FROM_TOP,10.34,103.4,28,0.0
MU,2017-04-03,2017-05-01,27.96,27.62,REBALANCE_ADJUST,-1.22,-12.2,28,0.0
NVDA,2017-04-03,2017-05-01,2.67,2.63,REBALANCE_ADJUST,-1.61,-16.1,28,0.0
OKE,2017-04-03,2017-05-01,31.36,30.41,REBALANCE_ADJUST,-3.05,-30.5,28,0.0
URI,2017-04-03,2017-05-01,119.53,105.1,REBALANCE_ADJUST,-12.07,-120.7,28,0.0
URI,2017-05-01,2017-06-01,105.1,105.94,DROPPED_FROM_TOP,0.8,8.0,31,0.0
RF,2017-05-01,2017-06-01,9.81,9.74,DROPPED_FROM_TOP,-0.78,-7.8,31,0.0
OKE,2017-05-01,2017-06-01,30.41,28.88,DROPPED_FROM_TOP,-5.04,-50.4,31,0.0
NVDA,2017-05-01,2017-06-01,2.63,3.56,REBALANCE_ADJUST,35.51,355.1,31,0.0
MU,2017-05-01,2017-06-01,27.62,30.03,REBALANCE_ADJUST,8.73,87.3,31,0.0
AMAT,2017-06-01,2017-07-03,41.78,37.24,REBALANCE_ADJUST,-10.85,-108.5,32,0.0
MU,2017-06-01,2017-07-03,30.03,28.45,REBALANCE_ADJUST,-5.27,-52.7,32,0.0
NVDA,2017-06-01,2017-07-03,3.56,3.44,REBALANCE_ADJUST,-3.48,-34.8,32,0.0
STX,2017-06-01,2017-07-03,29.7,27.08,DROPPED_FROM_TOP,-8.82,-88.2,32,0.0
AMAT,2017-07-03,2017-08-01,37.24,39.97,DROPPED_FROM_TOP,7.32,73.2,29,0.0
CSX,2017-07-03,2017-08-01,16.1,14.36,REBALANCE_ADJUST,-10.81,-108.1,29,0.0
MU,2017-07-03,2017-08-01,28.45,27.67,REBALANCE_ADJUST,-2.75,-27.5,29,0.0
NVDA,2017-07-03,2017-08-01,3.44,4.06,REBALANCE_ADJUST,18.06,180.6,29,0.0
WDC,2017-07-03,2017-08-01,58.23,58.49,REBALANCE_ADJUST,0.45,4.5,29,0.0
WDC,2017-08-01,2017-09-01,58.49,61.73,REBALANCE_ADJUST,5.53,55.3,31,0.0
MU,2017-08-01,2017-09-01,27.67,31.83,REBALANCE_ADJUST,15.03,150.3,31,0.0
NVDA,2017-08-01,2017-09-01,4.06,4.21,REBALANCE_ADJUST,3.72,37.2,31,0.0
BBY,2017-08-01,2017-09-01,43.22,39.51,DROPPED_FROM_TOP,-8.59,-85.9,31,0.0
CSX,2017-08-01,2017-09-01,14.36,14.74,DROPPED_FROM_TOP,2.64,26.4,31,0.0
MU,2017-09-01,2017-10-02,31.83,39.06,REBALANCE_ADJUST,22.73,227.3,31,0.0
NFLX,2017-09-01,2017-10-02,17.49,17.68,DROPPED_FROM_TOP,1.1,11.0,31,0.0
NVDA,2017-09-01,2017-10-02,4.21,4.42,REBALANCE_ADJUST,5.01,50.1,31,0.0
WDC,2017-09-01,2017-10-02,61.73,57.26,REBALANCE_ADJUST,-7.24,-72.4,31,0.0
HAR,2017-10-02,2017-11-01,11661.65,9779.77,REBALANCE_ADJUST,-16.14,-161.4,30,0.0
MU,2017-10-02,2017-11-01,39.06,43.33,REBALANCE_ADJUST,10.92,109.2,30,0.0
NRG,2017-10-02,2017-11-01,21.05,20.46,REBALANCE_ADJUST,-2.78,-27.8,30,0.0
NVDA,2017-10-02,2017-11-01,4.42,5.12,REBALANCE_ADJUST,15.75,157.5,30,0.0
WDC,2017-10-02,2017-11-01,57.26,61.15,DROPPED_FROM_TOP,6.8,68.0,30,0.0
MU,2017-11-01,2017-12-01,43.33,40.99,REBALANCE_ADJUST,-5.39,-53.9,30,0.0
NVDA,2017-11-01,2017-12-01,5.12,4.89,REBALANCE_ADJUST,-4.53,-45.3,30,0.0
NRG,2017-11-01,2017-12-01,20.46,23.03,REBALANCE_ADJUST,12.52,125.2,30,0.0
HAR,2017-11-01,2017-12-01,9779.77,10510.5,REBALANCE_ADJUST,7.47,74.7,30,0.0
BA,2017-11-01,2017-12-01,245.28,258.36,DROPPED_FROM_TOP,5.34,53.4,30,0.0
BBBY,2017-12-01,2018-01-02,42.34,64.71,REBALANCE_ADJUST,52.84,528.4,32,0.0
HAR,2017-12-01,2018-01-02,10510.5,8618.61,REBALANCE_ADJUST,-18.0,-180.0,32,0.0
MU,2017-12-01,2018-01-02,40.99,42.63,REBALANCE_ADJUST,4.0,40.0,32,0.0
NRG,2017-12-01,2018-01-02,23.03,23.81,REBALANCE_ADJUST,3.4,34.0,32,0.0
NVDA,2017-12-01,2018-01-02,4.89,4.93,REBALANCE_ADJUST,0.84,8.4,32,0.0
BBBY,2018-01-02,2018-02-01,64.71,66.72,REBALANCE_ADJUST,3.09,30.9,30,0.0
HAR,2018-01-02,2018-02-01,8618.61,9269.26,REBALANCE_ADJUST,7.55,75.5,30,0.0
MU,2018-01-02,2018-02-01,42.63,41.4,DROPPED_FROM_TOP,-2.9,-29.0,30,0.0
NRG,2018-01-02,2018-02-01,23.81,21.8,REBALANCE_ADJUST,-8.44,-84.4,30,0.0
NVDA,2018-01-02,2018-02-01,4.93,5.93,DROPPED_FROM_TOP,20.4,204.0,30,0.0
VRTX,2018-02-01,2018-03-01,173.16,165.66,DROPPED_FROM_TOP,-4.33,-43.3,28,0.0
NRG,2018-02-01,2018-03-01,21.8,22.16,DROPPED_FROM_TOP,1.65,16.5,28,0.0
HAR,2018-02-01,2018-03-01,9269.26,10510.5,REBALANCE_ADJUST,13.39,133.9,28,0.0
FSLR,2018-02-01,2018-03-01,67.62,62.15,REBALANCE_ADJUST,-8.08,-80.8,28,0.0
BBBY,2018-02-01,2018-03-01,66.72,57.81,REBALANCE_ADJUST,-13.35,-133.5,28,0.0
BBBY,2018-03-01,2018-04-02,57.81,32.88,REBALANCE_ADJUST,-43.12,-431.2,32,0.0
FSLR,2018-03-01,2018-04-02,62.15,69.32,DROPPED_FROM_TOP,11.53,115.3,32,0.0
HAR,2018-03-01,2018-04-02,10510.5,8808.8,REBALANCE_ADJUST,-16.19,-161.9,32,0.0
NVDA,2018-03-01,2018-04-02,5.74,5.47,REBALANCE_ADJUST,-4.81,-48.1,32,0.0
PYPL,2018-03-01,2018-04-02,78.04,74.28,DROPPED_FROM_TOP,-4.82,-48.2,32,0.0
BA,2018-04-02,2018-05-01,309.11,315.28,DROPPED_FROM_TOP,2.0,20.0,29,0.0
BBBY,2018-04-02,2018-05-01,32.88,38.29,REBALANCE_ADJUST,16.44,164.4,29,0.0
HAR,2018-04-02,2018-05-01,8808.8,5755.75,REBALANCE_ADJUST,-34.66,-346.6,29,0.0
NFLX,2018-04-02,2018-05-01,28.06,31.36,REBALANCE_ADJUST,11.78,117.8,29,0.0
NVDA,2018-04-02,2018-05-01,5.47,5.62,REBALANCE_ADJUST,2.76,27.6,29,0.0
NVDA,2018-05-01,2018-06-01,5.62,6.38,REBALANCE_ADJUST,13.49,134.9,31,0.0
NFLX,2018-05-01,2018-06-01,31.36,36.03,REBALANCE_ADJUST,14.88,148.8,31,0.0
FSLR,2018-05-01,2018-06-01,67.58,66.0,REBALANCE_ADJUST,-2.34,-23.4,31,0.0
BBBY,2018-05-01,2018-06-01,38.29,34.03,REBALANCE_ADJUST,-11.11,-111.1,31,0.0
HAR,2018-05-01,2018-06-01,5755.75,5864.13,DROPPED_FROM_TOP,1.88,18.8,31,0.0
BBBY,2018-06-01,2018-07-02,34.03,33.98,REBALANCE_ADJUST,-0.15,-1.5,31,0.0
FSLR,2018-06-01,2018-07-02,66.0,53.0,DROPPED_FROM_TOP,-19.7,-197.0,31,0.0
NFLX,2018-06-01,2018-07-02,36.03,39.86,REBALANCE_ADJUST,10.63,106.3,31,0.0
NRG,2018-06-01,2018-07-02,27.99,25.52,DROPPED_FROM_TOP,-8.85,-88.5,31,0.0
NVDA,2018-06-01,2018-07-02,6.38,5.98,DROPPED_FROM_TOP,-6.16,-61.6,31,0.0
BBBY,2018-07-02,2018-08-01,33.98,35.54,REBALANCE_ADJUST,4.57,45.7,30,0.0
FOSL,2018-07-02,2018-08-01,27.15,26.42,REBALANCE_ADJUST,-2.69,-26.9,30,0.0
NFLX,2018-07-02,2018-08-01,39.86,33.87,REBALANCE_ADJUST,-15.02,-150.2,30,0.0
VLO,2018-07-02,2018-08-01,79.86,85.21,DROPPED_FROM_TOP,6.7,67.0,30,0.0
URBN,2018-08-01,2018-09-04,43.73,48.31,REBALANCE_ADJUST,10.46,104.6,34,0.0
NTAP,2018-08-01,2018-09-04,63.96,71.45,DROPPED_FROM_TOP,11.71,117.1,34,0.0
FOSL,2018-08-01,2018-09-04,26.42,22.22,REBALANCE_ADJUST,-15.88,-158.8,34,0.0
BBBY,2018-08-01,2018-09-04,35.54,30.68,REBALANCE_ADJUST,-13.66,-136.6,34,0.0
NFLX,2018-08-01,2018-09-04,33.87,36.32,DROPPED_FROM_TOP,7.24,72.4,34,0.0
BBBY,2018-09-04,2018-10-01,30.68,28.34,DROPPED_FROM_TOP,-7.62,-76.2,27,0.0
FOSL,2018-09-04,2018-10-01,22.22,21.34,REBALANCE_ADJUST,-3.96,-39.6,27,0.0
GWW,2018-09-04,2018-10-01,321.9,322.02,REBALANCE_ADJUST,0.04,0.4,27,0.0
THC,2018-09-04,2018-10-01,32.86,28.02,DROPPED_FROM_TOP,-14.73,-147.3,27,0.0
URBN,2018-09-04,2018-10-01,48.31,40.08,REBALANCE_ADJUST,-17.03,-170.3,27,0.0
FOSL,2018-10-01,2018-11-01,21.34,23.24,REBALANCE_ADJUST,8.91,89.1,31,0.0
GWW,2018-10-01,2018-11-01,322.02,259.17,REBALANCE_ADJUST,-19.52,-195.2,31,0.0
NFLX,2018-10-01,2018-11-01,38.18,31.77,REBALANCE_ADJUST,-16.79,-167.9,31,0.0
URBN,2018-10-01,2018-11-01,40.08,40.03,DROPPED_FROM_TOP,-0.13,-1.3,31,0.0
FOSL,2018-11-01,2018-12-03,23.24,20.71,REBALANCE_ADJUST,-10.9,-109.0,32,0.0
NTAP,2018-11-01,2018-12-03,65.03,57.1,DROPPED_FROM_TOP,-12.2,-122.0,32,0.0
NFLX,2018-11-01,2018-12-03,31.77,29.0,DROPPED_FROM_TOP,-8.72,-87.2,32,0.0
AMZN,2018-11-01,2018-12-03,83.36,88.53,DROPPED_FROM_TOP,6.2,62.0,32,0.0
GWW,2018-11-01,2018-12-03,259.17,287.66,DROPPED_FROM_TOP,10.99,109.9,32,0.0
AAP,2018-12-03,2019-01-02,156.01,138.27,DROPPED_FROM_TOP,-11.37,-113.7,30,0.0
FOSL,2018-12-03,2019-01-02,20.71,16.62,REBALANCE_ADJUST,-19.77,-197.7,30,0.0
M,2018-12-03,2019-01-02,25.05,22.66,DROPPED_FROM_TOP,-9.57,-95.7,30,0.0
UAA,2018-12-03,2019-01-02,24.01,17.79,DROPPED_FROM_TOP,-25.91,-259.1,30,0.0
THC,2019-01-02,2019-02-01,17.79,22.08,ABSOLUTE_MOMENTUM_OFF,24.12,241.2,30,0.0
FOSL,2019-01-02,2019-02-01,16.62,16.77,ABSOLUTE_MOMENTUM_OFF,0.94,9.4,30,0.0
HCA,2019-01-02,2019-02-01,114.48,131.09,ABSOLUTE_MOMENTUM_OFF,14.51,145.1,30,0.0
TRIP,2019-01-02,2019-02-01,48.26,51.19,ABSOLUTE_MOMENTUM_OFF,6.06,60.6,30,0.0
SE,2019-04-01,2019-05-01,23.37,24.99,REBALANCE_ADJUST,6.94,69.4,30,0.0
CMG,2019-04-01,2019-05-01,14.13,13.78,REBALANCE_ADJUST,-2.43,-24.3,30,0.0
LLY,2019-04-01,2019-05-01,117.76,107.84,REBALANCE_ADJUST,-8.42,-84.2,30,0.0
ANDV,2019-04-01,2019-05-01,153.65,153.35,DROPPED_FROM_TOP,-0.2,-2.0,30,0.0
AES,2019-04-01,2019-05-01,13.75,13.07,REBALANCE_ADJUST,-4.94,-49.4,30,0.0
AES,2019-05-01,2019-06-03,13.07,12.3,DROPPED_FROM_TOP,-5.93,-59.3,33,0.0
AZO,2019-05-01,2019-06-03,1024.92,1038.69,REBALANCE_ADJUST,1.34,13.4,33,0.0
CMG,2019-05-01,2019-06-03,13.78,12.85,REBALANCE_ADJUST,-6.81,-68.1,33,0.0
LLY,2019-05-01,2019-06-03,107.84,106.94,DROPPED_FROM_TOP,-0.84,-8.4,33,0.0
SE,2019-05-01,2019-06-03,24.99,28.0,REBALANCE_ADJUST,12.01,120.1,33,0.0
AZO,2019-06-03,2019-07-01,1038.69,1099.89,REBALANCE_ADJUST,5.89,58.9,28,0.0
CMG,2019-06-03,2019-07-01,12.85,14.49,DROPPED_FROM_TOP,12.82,128.2,28,0.0
QCOM,2019-06-03,2019-07-01,56.42,66.08,DROPPED_FROM_TOP,17.12,171.2,28,0.0
SE,2019-06-03,2019-07-01,28.0,34.3,REBALANCE_ADJUST,22.52,225.2,28,0.0
VRSN,2019-06-03,2019-07-01,186.69,207.92,DROPPED_FROM_TOP,11.38,113.8,28,0.0
SE,2019-07-01,2019-08-01,34.3,35.33,REBALANCE_ADJUST,2.98,29.8,31,0.0
MKC,2019-07-01,2019-08-01,67.94,68.8,DROPPED_FROM_TOP,1.28,12.8,31,0.0
CHD,2019-07-01,2019-08-01,67.72,68.3,DROPPED_FROM_TOP,0.86,8.6,31,0.0
AZO,2019-07-01,2019-08-01,1099.89,1103.92,REBALANCE_ADJUST,0.37,3.7,31,0.0
AZO,2019-08-01,2019-09-03,1103.92,1103.93,REBALANCE_ADJUST,0.0,0.0,33,0.0
CINF,2019-08-01,2019-09-03,89.54,94.74,DROPPED_FROM_TOP,5.8,58.0,33,0.0
CMG,2019-08-01,2019-09-03,15.82,16.57,REBALANCE_ADJUST,4.74,47.4,33,0.0
SBUX,2019-08-01,2019-09-03,81.84,83.35,REBALANCE_ADJUST,1.84,18.4,33,0.0
SE,2019-08-01,2019-09-03,35.33,30.91,REBALANCE_ADJUST,-12.5,-125.0,33,0.0
AZO,2019-09-03,2019-10-01,1103.93,1082.59,DROPPED_FROM_TOP,-1.93,-19.3,28,0.0
CMG,2019-09-03,2019-10-01,16.57,16.59,REBALANCE_ADJUST,0.12,1.2,28,0.0
HSY,2019-09-03,2019-10-01,136.43,132.13,REBALANCE_ADJUST,-3.15,-31.5,28,0.0
SBUX,2019-09-03,2019-10-01,83.35,74.51,REBALANCE_ADJUST,-10.6,-106.0,28,0.0
SE,2019-09-03,2019-10-01,30.91,31.32,REBALANCE_ADJUST,1.33,13.3,28,0.0
SE,2019-10-01,2019-11-01,31.32,29.93,REBALANCE_ADJUST,-4.44,-44.4,31,0.0
SBUX,2019-10-01,2019-11-01,74.51,71.53,DROPPED_FROM_TOP,-4.01,-40.1,31,0.0
CMG,2019-10-01,2019-11-01,16.59,15.39,REBALANCE_ADJUST,-7.26,-72.6,31,0.0
HSY,2019-10-01,2019-11-01,132.13,121.8,DROPPED_FROM_TOP,-7.82,-78.2,31,0.0
AMT,2019-11-01,2019-12-02,178.5,173.23,DROPPED_FROM_TOP,-2.96,-29.6,31,0.0
CMG,2019-11-01,2019-12-02,15.39,16.29,REBALANCE_ADJUST,5.87,58.7,31,0.0
KLAC,2019-11-01,2019-12-02,15.95,14.97,REBALANCE_ADJUST,-6.14,-61.4,31,0.0
LRCX,2019-11-01,2019-12-02,25.8,24.38,REBALANCE_ADJUST,-5.51,-55.1,31,0.0
SE,2019-11-01,2019-12-02,29.93,36.61,REBALANCE_ADJUST,22.31,223.1,31,0.0
SE,2019-12-02,2020-01-02,36.61,40.08,REBALANCE_ADJUST,9.49,94.9,31,0.0
CMG,2019-12-02,2020-01-02,16.29,17.18,REBALANCE_ADJUST,5.46,54.6,31,0.0
KLAC,2019-12-02,2020-01-02,14.97,16.97,REBALANCE_ADJUST,13.36,133.6,31,0.0
LRCX,2019-12-02,2020-01-02,24.38,27.74,REBALANCE_ADJUST,13.78,137.8,31,0.0
SE,2020-01-02,2020-02-03,40.08,46.42,REBALANCE_ADJUST,15.81,158.1,32,0.0
LRCX,2020-01-02,2020-02-03,27.74,28.73,REBALANCE_ADJUST,3.54,35.4,32,0.0
KLAC,2020-01-02,2020-02-03,16.97,15.79,REBALANCE_ADJUST,-6.92,-69.2,32,0.0
CMG,2020-01-02,2020-02-03,17.18,17.33,DROPPED_FROM_TOP,0.86,8.6,32,0.0
KLAC,2020-02-03,2020-03-02,15.79,14.79,DROPPED_FROM_TOP,-6.31,-63.1,28,0.0
LRCX,2020-02-03,2020-03-02,28.73,27.97,REBALANCE_ADJUST,-2.63,-26.3,28,0.0
SE,2020-02-03,2020-03-02,46.42,48.09,REBALANCE_ADJUST,3.6,36.0,28,0.0
TGT,2020-02-03,2020-03-02,94.22,91.67,DROPPED_FROM_TOP,-2.71,-27.1,28,0.0
QCOM,2020-03-02,2020-04-01,69.89,57.51,DROPPED_FROM_TOP,-17.71,-177.1,30,0.0
NVDA,2020-03-02,2020-04-01,6.88,6.05,REBALANCE_ADJUST,-12.07,-120.7,30,0.0
SE,2020-03-02,2020-04-01,48.09,43.21,REBALANCE_ADJUST,-10.14,-101.4,30,0.0
AAPL,2020-03-02,2020-04-01,72.21,58.21,REBALANCE_ADJUST,-19.38,-193.8,30,0.0
LRCX,2020-03-02,2020-04-01,27.97,20.92,REBALANCE_ADJUST,-25.19,-251.9,30,0.0
NVDA,2020-04-01,2020-05-01,6.05,7.03,ABSOLUTE_MOMENTUM_OFF,16.1,161.0,30,0.0
SE,2020-04-01,2020-05-01,43.21,54.73,ABSOLUTE_MOMENTUM_OFF,26.64,266.4,30,0.0
AAPL,2020-04-01,2020-05-01,58.21,69.71,ABSOLUTE_MOMENTUM_OFF,19.75,197.5,30,0.0
LRCX,2020-04-01,2020-05-01,20.92,21.98,ABSOLUTE_MOMENTUM_OFF,5.02,50.2,30,0.0
SE,2020-06-01,2020-07-01,82.55,114.57,REBALANCE_ADJUST,38.79,387.9,30,0.0
REGN,2020-06-01,2020-07-01,595.15,604.78,REBALANCE_ADJUST,1.62,16.2,30,0.0
HUM,2020-06-01,2020-07-01,380.15,370.6,DROPPED_FROM_TOP,-2.51,-25.1,30,0.0
NEM,2020-06-01,2020-07-01,50.73,51.58,DROPPED_FROM_TOP,1.67,16.7,30,0.0
NVDA,2020-06-01,2020-07-01,8.77,9.5,REBALANCE_ADJUST,8.27,82.7,30,0.0
AAPL,2020-07-01,2020-08-03,88.22,105.58,REBALANCE_ADJUST,19.68,196.8,33,0.0
BBBY,2020-07-01,2020-08-03,30.1,83.04,REBALANCE_ADJUST,175.89,1758.9,33,0.0
NVDA,2020-07-01,2020-08-03,9.5,10.97,REBALANCE_ADJUST,15.53,155.3,33,0.0
REGN,2020-07-01,2020-08-03,604.78,640.53,REBALANCE_ADJUST,5.91,59.1,33,0.0
SE,2020-07-01,2020-08-03,114.57,132.88,REBALANCE_ADJUST,15.98,159.8,33,0.0
AAPL,2020-08-03,2020-09-01,105.58,130.28,REBALANCE_ADJUST,23.39,233.9,29,0.0
BBBY,2020-08-03,2020-09-01,83.04,88.52,REBALANCE_ADJUST,6.59,65.9,29,0.0
NVDA,2020-08-03,2020-09-01,10.97,13.78,REBALANCE_ADJUST,25.57,255.7,29,0.0
REGN,2020-08-03,2020-09-01,640.53,587.24,DROPPED_FROM_TOP,-8.32,-83.2,29,0.0
SE,2020-08-03,2020-09-01,132.88,161.96,REBALANCE_ADJUST,21.88,218.8,29,0.0
SE,2020-09-01,2020-10-01,161.96,160.16,REBALANCE_ADJUST,-1.11,-11.1,30,0.0
NVDA,2020-09-01,2020-10-01,13.78,13.57,REBALANCE_ADJUST,-1.49,-14.9,30,0.0
BBBY,2020-09-01,2020-10-01,88.52,83.95,REBALANCE_ADJUST,-5.16,-51.6,30,0.0
AAPL,2020-09-01,2020-10-01,130.28,113.4,REBALANCE_ADJUST,-12.96,-129.6,30,0.0
AAPL,2020-10-01,2020-11-02,113.4,105.61,REBALANCE_ADJUST,-6.87,-68.7,32,0.0
ADT,2020-10-01,2020-11-02,7.14,5.86,DROPPED_FROM_TOP,-17.93,-179.3,32,0.0
BBBY,2020-10-01,2020-11-02,83.95,58.44,REBALANCE_ADJUST,-30.39,-303.9,32,0.0
NVDA,2020-10-01,2020-11-02,13.57,12.54,REBALANCE_ADJUST,-7.59,-75.9,32,0.0
SE,2020-10-01,2020-11-02,160.16,159.83,REBALANCE_ADJUST,-0.21,-2.1,32,0.0
AAPL,2020-11-02,2020-12-01,105.61,119.12,DROPPED_FROM_TOP,12.79,127.9,29,0.0
BBBY,2020-11-02,2020-12-01,58.44,63.2,REBALANCE_ADJUST,8.15,81.5,29,0.0
NVDA,2020-11-02,2020-12-01,12.54,13.35,REBALANCE_ADJUST,6.43,64.3,29,0.0
SE,2020-11-02,2020-12-01,159.83,177.56,REBALANCE_ADJUST,11.09,110.9,29,0.0
SE,2020-12-01,2021-01-04,177.56,196.26,REBALANCE_ADJUST,10.53,105.3,34,0.0
NVDA,2020-12-01,2021-01-04,13.35,13.07,REBALANCE_ADJUST,-2.04,-20.4,34,0.0
BBBY,2020-12-01,2021-01-04,63.2,49.51,REBALANCE_ADJUST,-21.67,-216.7,34,0.0
GME,2020-12-01,2021-01-04,3.95,4.32,REBALANCE_ADJUST,9.18,91.8,34,0.0
BBBY,2021-01-04,2021-02-01,49.51,79.6,REBALANCE_ADJUST,60.78,607.8,28,0.0
GME,2021-01-04,2021-02-01,4.32,56.31,REBALANCE_ADJUST,1204.35,12043.5,28,0.0
NVDA,2021-01-04,2021-02-01,13.07,13.2,REBALANCE_ADJUST,0.94,9.4,28,0.0
SE,2021-01-04,2021-02-01,196.26,233.76,REBALANCE_ADJUST,19.11,191.1,28,0.0
SE,2021-02-01,2021-03-01,233.76,248.76,REBALANCE_ADJUST,6.41,64.1,28,0.0
BBBY,2021-02-01,2021-03-01,79.6,73.1,REBALANCE_ADJUST,-8.16,-81.6,28,0.0
GME,2021-02-01,2021-03-01,56.31,30.13,REBALANCE_ADJUST,-46.49,-464.9,28,0.0
NVDA,2021-02-01,2021-03-01,13.2,13.77,DROPPED_FROM_TOP,4.36,43.6,28,0.0
PYPL,2021-02-01,2021-03-01,240.01,271.01,DROPPED_FROM_TOP,12.91,129.1,28,0.0
SE,2021-03-01,2021-04-01,248.76,236.69,REBALANCE_ADJUST,-4.85,-48.5,31,0.0
GME,2021-03-01,2021-04-01,30.13,47.91,REBALANCE_ADJUST,59.01,590.1,31,0.0
EQT,2021-03-01,2021-04-01,17.24,17.69,DROPPED_FROM_TOP,2.61,26.1,31,0.0
BBBY,2021-03-01,2021-04-01,73.1,68.77,REBALANCE_ADJUST,-5.93,-59.3,31,0.0
SE,2021-04-01,2021-05-03,236.69,254.87,REBALANCE_ADJUST,7.68,76.8,32,0.0
BBBY,2021-04-01,2021-05-03,68.77,82.58,REBALANCE_ADJUST,20.09,200.9,32,0.0
FOSL,2021-04-01,2021-05-03,12.49,13.11,DROPPED_FROM_TOP,4.92,49.2,32,0.0
GME,2021-04-01,2021-05-03,47.91,40.59,REBALANCE_ADJUST,-15.28,-152.8,32,0.0
RRC,2021-04-01,2021-05-03,10.62,10.39,DROPPED_FROM_TOP,-2.18,-21.8,32,0.0
GME,2021-05-03,2021-06-01,40.59,62.32,REBALANCE_ADJUST,53.53,535.3,29,0.0
SE,2021-05-03,2021-06-01,254.87,257.8,REBALANCE_ADJUST,1.15,11.5,29,0.0
BBBY,2021-05-03,2021-06-01,82.58,85.75,REBALANCE_ADJUST,3.83,38.3,29,0.0
CPRI,2021-05-03,2021-06-01,57.47,56.21,DROPPED_FROM_TOP,-2.18,-21.8,29,0.0
SIG,2021-05-03,2021-06-01,59.45,59.53,REBALANCE_ADJUST,0.14,1.4,29,0.0
SIG,2021-06-01,2021-07-01,59.53,75.36,REBALANCE_ADJUST,26.59,265.9,30,0.0
SE,2021-06-01,2021-07-01,257.8,272.04,DROPPED_FROM_TOP,5.52,55.2,30,0.0
FCX,2021-06-01,2021-07-01,41.32,34.66,REBALANCE_ADJUST,-16.1,-161.0,30,0.0
GME,2021-06-01,2021-07-01,62.32,51.14,REBALANCE_ADJUST,-17.93,-179.3,30,0.0
BBBY,2021-06-01,2021-07-01,85.75,90.37,REBALANCE_ADJUST,5.39,53.9,30,0.0
BBBY,2021-07-01,2021-08-02,90.37,67.68,DROPPED_FROM_TOP,-25.11,-251.1,32,0.0
FCX,2021-07-01,2021-08-02,34.66,34.23,DROPPED_FROM_TOP,-1.26,-12.6,32,0.0
FOSL,2021-07-01,2021-08-02,14.51,12.57,DROPPED_FROM_TOP,-13.41,-134.1,32,0.0
GME,2021-07-01,2021-08-02,51.14,39.45,REBALANCE_ADJUST,-22.86,-228.6,32,0.0
SIG,2021-07-01,2021-08-02,75.36,61.93,REBALANCE_ADJUST,-17.82,-178.2,32,0.0
CPRI,2021-08-02,2021-09-01,57.24,57.21,REBALANCE_ADJUST,-0.05,-0.5,30,0.0
GME,2021-08-02,2021-09-01,39.45,53.3,REBALANCE_ADJUST,35.09,350.9,30,0.0
PBI,2021-08-02,2021-09-01,6.59,6.18,DROPPED_FROM_TOP,-6.16,-61.6,30,0.0
SIG,2021-08-02,2021-09-01,61.93,76.38,REBALANCE_ADJUST,23.33,233.3,30,0.0
THC,2021-08-02,2021-09-01,71.28,74.92,DROPPED_FROM_TOP,5.1,51.0,30,0.0
TPR,2021-09-01,2021-10-01,35.65,33.57,DROPPED_FROM_TOP,-5.82,-58.2,30,0.0
SIG,2021-09-01,2021-10-01,76.38,77.21,REBALANCE_ADJUST,1.09,10.9,30,0.0
GME,2021-09-01,2021-10-01,53.3,44.27,REBALANCE_ADJUST,-16.93,-169.3,30,0.0
FOSL,2021-09-01,2021-10-01,13.92,11.98,DROPPED_FROM_TOP,-13.98,-139.8,30,0.0
CPRI,2021-09-01,2021-10-01,57.21,49.88,REBALANCE_ADJUST,-12.81,-128.1,30,0.0
BBT,2021-10-01,2021-11-01,23.6,24.69,DROPPED_FROM_TOP,4.63,46.3,31,0.0
CPRI,2021-10-01,2021-11-01,49.88,55.5,DROPPED_FROM_TOP,11.28,112.8,31,0.0
GME,2021-10-01,2021-11-01,44.27,50.07,REBALANCE_ADJUST,13.1,131.0,31,0.0
M,2021-10-01,2021-11-01,19.18,23.82,REBALANCE_ADJUST,24.16,241.6,31,0.0
SIG,2021-10-01,2021-11-01,77.21,91.47,REBALANCE_ADJUST,18.46,184.6,31,0.0
DVN,2021-11-01,2021-12-01,33.63,32.71,REBALANCE_ADJUST,-2.74,-27.4,30,0.0
GME,2021-11-01,2021-12-01,50.07,45.0,REBALANCE_ADJUST,-10.12,-101.2,30,0.0
M,2021-11-01,2021-12-01,23.82,22.78,REBALANCE_ADJUST,-4.36,-43.6,30,0.0
RIG,2021-11-01,2021-12-01,3.76,2.92,REBALANCE_ADJUST,-22.34,-223.4,30,0.0
SIG,2021-11-01,2021-12-01,91.47,88.19,REBALANCE_ADJUST,-3.58,-35.8,30,0.0
SIG,2021-12-01,2022-01-03,88.19,88.27,REBALANCE_ADJUST,0.09,0.9,33,0.0
RIG,2021-12-01,2022-01-03,2.92,3.12,DROPPED_FROM_TOP,6.64,66.4,33,0.0
DVN,2021-12-01,2022-01-03,32.71,37.19,REBALANCE_ADJUST,13.71,137.1,33,0.0
GME,2021-12-01,2022-01-03,45.0,38.25,REBALANCE_ADJUST,-15.01,-150.1,33,0.0
M,2021-12-01,2022-01-03,22.78,23.04,DROPPED_FROM_TOP,1.14,11.4,33,0.0
DVN,2022-01-03,2022-02-01,37.19,42.89,REBALANCE_ADJUST,15.34,153.4,29,0.0
GME,2022-01-03,2022-02-01,38.25,28.18,REBALANCE_ADJUST,-26.33,-263.3,29,0.0
HAR,2022-01-03,2022-02-01,14214.2,8208.2,REBALANCE_ADJUST,-42.25,-422.5,29,0.0
SIG,2022-01-03,2022-02-01,88.27,82.25,REBALANCE_ADJUST,-6.82,-68.2,29,0.0
DVN,2022-02-01,2022-03-01,42.89,48.35,REBALANCE_ADJUST,12.73,127.3,28,0.0
GME,2022-02-01,2022-03-01,28.18,29.73,DROPPED_FROM_TOP,5.49,54.9,28,0.0
HAR,2022-02-01,2022-03-01,8208.2,10389.6,DROPPED_FROM_TOP,26.58,265.8,28,0.0
SIG,2022-02-01,2022-03-01,82.25,63.55,DROPPED_FROM_TOP,-22.74,-227.4,28,0.0
MUR,2022-03-01,2022-04-01,30.44,35.7,DROPPED_FROM_TOP,17.3,173.0,31,0.0
EOG,2022-03-01,2022-04-01,95.99,99.88,DROPPED_FROM_TOP,4.05,40.5,31,0.0
COP,2022-03-01,2022-04-01,82.96,86.14,DROPPED_FROM_TOP,3.84,38.4,31,0.0
DVN,2022-03-01,2022-04-01,48.35,50.08,REBALANCE_ADJUST,3.57,35.7,31,0.0
CF,2022-04-01,2022-05-02,91.2,88.13,REBALANCE_ADJUST,-3.36,-33.6,31,0.0
DVN,2022-04-01,2022-05-02,50.08,48.42,REBALANCE_ADJUST,-3.31,-33.1,31,0.0
HAR,2022-04-01,2022-05-02,10160.15,10139.85,DROPPED_FROM_TOP,-0.2,-2.0,31,0.0
RRC,2022-04-01,2022-05-02,30.31,28.67,REBALANCE_ADJUST,-5.39,-53.9,31,0.0
APA,2022-05-02,2022-06-01,35.5,41.55,DROPPED_FROM_TOP,17.03,170.3,30,0.0
CF,2022-05-02,2022-06-01,88.13,87.46,DROPPED_FROM_TOP,-0.76,-7.6,30,0.0
DVN,2022-05-02,2022-06-01,48.42,63.46,REBALANCE_ADJUST,31.07,310.7,30,0.0
MUR,2022-05-02,2022-06-01,32.21,37.34,REBALANCE_ADJUST,15.95,159.5,30,0.0
RRC,2022-05-02,2022-06-01,28.67,33.85,REBALANCE_ADJUST,18.06,180.6,30,0.0
RRC,2022-06-01,2022-07-01,33.85,24.33,ABSOLUTE_MOMENTUM_OFF,-28.12,-281.2,30,0.0
MUR,2022-06-01,2022-07-01,37.34,26.33,ABSOLUTE_MOMENTUM_OFF,-29.5,-295.0,30,0.0
EQT,2022-06-01,2022-07-01,46.99,32.27,ABSOLUTE_MOMENTUM_OFF,-31.32,-313.2,30,0.0
DVN,2022-06-01,2022-07-01,63.46,46.4,ABSOLUTE_MOMENTUM_OFF,-26.89,-268.9,30,0.0
FSLR,2023-06-01,2023-07-03,208.95,191.58,REBALANCE_ADJUST,-8.31,-83.1,32,0.0
FTI,2023-06-01,2023-07-03,13.75,16.46,REBALANCE_ADJUST,19.69,196.9,32,0.0
GE,2023-06-01,2023-07-03,82.31,85.15,REBALANCE_ADJUST,3.45,34.5,32,0.0
NFLX,2023-06-01,2023-07-03,40.35,44.19,REBALANCE_ADJUST,9.5,95.0,32,0.0
OI,2023-06-01,2023-07-03,20.86,21.89,DROPPED_FROM_TOP,4.92,49.2,32,0.0
FSLR,2023-07-03,2023-08-01,191.58,202.88,REBALANCE_ADJUST,5.9,59.0,29,0.0
FTI,2023-07-03,2023-08-01,16.46,17.56,REBALANCE_ADJUST,6.67,66.7,29,0.0
GE,2023-07-03,2023-08-01,85.15,88.92,DROPPED_FROM_TOP,4.43,44.3,29,0.0
NFLX,2023-07-03,2023-08-01,44.19,43.91,REBALANCE_ADJUST,-0.64,-6.4,29,0.0
NVDA,2023-08-01,2023-09-01,46.46,48.46,REBALANCE_ADJUST,4.3,43.0,31,0.0
NFLX,2023-08-01,2023-09-01,43.91,43.94,DROPPED_FROM_TOP,0.09,0.9,31,0.0
FSLR,2023-08-01,2023-09-01,202.88,186.18,DROPPED_FROM_TOP,-8.23,-82.3,31,0.0
FTI,2023-08-01,2023-09-01,17.56,19.23,REBALANCE_ADJUST,9.52,95.2,31,0.0
FTI,2023-09-01,2023-10-02,19.23,19.67,REBALANCE_ADJUST,2.3,23.0,31,0.0
NVDA,2023-09-01,2023-10-02,48.46,44.74,REBALANCE_ADJUST,-7.68,-76.8,31,0.0
PHM,2023-09-01,2023-10-02,81.0,71.92,REBALANCE_ADJUST,-11.21,-112.1,31,0.0
RCL,2023-09-01,2023-10-02,95.11,89.27,REBALANCE_ADJUST,-6.14,-61.4,31,0.0
RIG,2023-09-01,2023-10-02,8.47,7.89,REBALANCE_ADJUST,-6.86,-68.6,31,0.0
FTI,2023-10-02,2023-11-01,19.67,21.52,REBALANCE_ADJUST,9.4,94.0,30,0.0
NVDA,2023-10-02,2023-11-01,44.74,42.29,REBALANCE_ADJUST,-5.49,-54.9,30,0.0
PHM,2023-10-02,2023-11-01,71.92,75.71,DROPPED_FROM_TOP,5.27,52.7,30,0.0
RCL,2023-10-02,2023-11-01,89.27,83.01,REBALANCE_ADJUST,-7.01,-70.1,30,0.0
RIG,2023-10-02,2023-11-01,7.89,6.66,REBALANCE_ADJUST,-15.61,-156.1,30,0.0
RIG,2023-11-01,2023-12-01,6.66,6.57,REBALANCE_ADJUST,-1.35,-13.5,30,0.0
RCL,2023-11-01,2023-12-01,83.01,107.58,DROPPED_FROM_TOP,29.6,296.0,30,0.0
NVDA,2023-11-01,2023-12-01,42.29,46.72,REBALANCE_ADJUST,10.49,104.9,30,0.0
GE,2023-11-01,2023-12-01,84.46,96.28,DROPPED_FROM_TOP,13.99,139.9,30,0.0
FTI,2023-11-01,2023-12-01,21.52,20.39,REBALANCE_ADJUST,-5.25,-52.5,30,0.0
AVGO,2023-12-01,2024-01-02,90.43,106.02,REBALANCE_ADJUST,17.24,172.4,32,0.0
FTI,2023-12-01,2024-01-02,20.39,19.73,DROPPED_FROM_TOP,-3.24,-32.4,32,0.0
NVDA,2023-12-01,2024-01-02,46.72,48.13,REBALANCE_ADJUST,3.01,30.1,32,0.0
PHM,2023-12-01,2024-01-02,89.41,99.95,REBALANCE_ADJUST,11.79,117.9,32,0.0
RIG,2023-12-01,2024-01-02,6.57,6.24,DROPPED_FROM_TOP,-4.92,-49.2,32,0.0
ADBE,2024-01-02,2024-02-01,580.65,627.28,DROPPED_FROM_TOP,8.03,80.3,30,0.0
AVGO,2024-01-02,2024-02-01,106.02,117.22,REBALANCE_ADJUST,10.56,105.6,30,0.0
GE,2024-01-02,2024-02-01,99.25,106.49,DROPPED_FROM_TOP,7.3,73.0,30,0.0
NVDA,2024-01-02,2024-02-01,48.13,62.98,REBALANCE_ADJUST,30.85,308.5,30,0.0
PHM,2024-01-02,2024-02-01,99.95,105.05,REBALANCE_ADJUST,5.1,51.0,30,0.0
RCL,2024-02-01,2024-03-01,123.59,120.96,REBALANCE_ADJUST,-2.13,-21.3,29,0.0
PHM,2024-02-01,2024-03-01,105.05,109.46,REBALANCE_ADJUST,4.2,42.0,29,0.0
CCL,2024-02-01,2024-03-01,16.64,15.81,DROPPED_FROM_TOP,-4.95,-49.5,29,0.0
AVGO,2024-02-01,2024-03-01,117.22,136.67,REBALANCE_ADJUST,16.6,166.0,29,0.0
NVDA,2024-02-01,2024-03-01,62.98,82.22,REBALANCE_ADJUST,30.55,305.5,29,0.0
AVGO,2024-03-01,2024-04-01,136.67,132.46,REBALANCE_ADJUST,-3.08,-30.8,31,0.0
NVDA,2024-03-01,2024-04-01,82.22,90.3,REBALANCE_ADJUST,9.83,98.3,31,0.0
PHM,2024-03-01,2024-04-01,109.46,116.77,REBALANCE_ADJUST,6.68,66.8,31,0.0
RCL,2024-03-01,2024-04-01,120.96,136.56,DROPPED_FROM_TOP,12.89,128.9,31,0.0
AVGO,2024-04-01,2024-05-01,132.46,121.92,REBALANCE_ADJUST,-7.95,-79.5,30,0.0
LLY,2024-04-01,2024-05-01,749.55,765.51,REBALANCE_ADJUST,2.13,21.3,30,0.0
NVDA,2024-04-01,2024-05-01,90.3,82.98,REBALANCE_ADJUST,-8.1,-81.0,30,0.0
PHM,2024-04-01,2024-05-01,116.77,110.03,DROPPED_FROM_TOP,-5.77,-57.7,30,0.0
SLG,2024-05-01,2024-06-03,45.08,48.37,REBALANCE_ADJUST,7.28,72.8,33,0.0
NVDA,2024-05-01,2024-06-03,82.98,114.92,REBALANCE_ADJUST,38.49,384.9,33,0.0
NRG,2024-05-01,2024-06-03,71.58,76.13,REBALANCE_ADJUST,6.35,63.5,33,0.0
LLY,2024-05-01,2024-06-03,765.51,818.99,DROPPED_FROM_TOP,6.99,69.9,33,0.0
AVGO,2024-05-01,2024-06-03,121.92,129.67,REBALANCE_ADJUST,6.36,63.6,33,0.0
AVGO,2024-06-03,2024-07-01,129.67,161.14,DROPPED_FROM_TOP,24.27,242.7,28,0.0
NRG,2024-06-03,2024-07-01,76.13,75.65,REBALANCE_ADJUST,-0.63,-6.3,28,0.0
NVDA,2024-06-03,2024-07-01,114.92,124.22,REBALANCE_ADJUST,8.1,81.0,28,0.0
SLG,2024-06-03,2024-07-01,48.37,50.38,REBALANCE_ADJUST,4.16,41.6,28,0.0
WDC,2024-06-03,2024-07-01,56.47,57.41,DROPPED_FROM_TOP,1.66,16.6,28,0.0
GE,2024-07-01,2024-08-01,157.24,167.85,DROPPED_FROM_TOP,6.75,67.5,31,0.0
NRG,2024-07-01,2024-08-01,75.65,71.81,REBALANCE_ADJUST,-5.07,-50.7,31,0.0
NVDA,2024-07-01,2024-08-01,124.22,109.14,REBALANCE_ADJUST,-12.14,-121.4,31,0.0
SLG,2024-07-01,2024-08-01,50.38,61.05,REBALANCE_ADJUST,21.18,211.8,31,0.0
URI,2024-07-01,2024-08-01,630.4,703.41,DROPPED_FROM_TOP,11.58,115.8,31,0.0
SLG,2024-08-01,2024-09-03,61.05,59.41,REBALANCE_ADJUST,-2.69,-26.9,33,0.0
NVDA,2024-08-01,2024-09-03,109.14,107.93,REBALANCE_ADJUST,-1.11,-11.1,33,0.0
NRG,2024-08-01,2024-09-03,71.81,77.92,REBALANCE_ADJUST,8.5,85.0,33,0.0
MU,2024-08-01,2024-09-03,100.99,87.95,DROPPED_FROM_TOP,-12.91,-129.1,33,0.0
GE,2024-09-03,2024-10-01,162.7,184.49,DROPPED_FROM_TOP,13.39,133.9,28,0.0
NRG,2024-09-03,2024-10-01,77.92,90.52,REBALANCE_ADJUST,16.18,161.8,28,0.0
NVDA,2024-09-03,2024-10-01,107.93,116.93,REBALANCE_ADJUST,8.34,83.4,28,0.0
SLG,2024-09-03,2024-10-01,59.41,64.31,DROPPED_FROM_TOP,8.25,82.5,28,0.0
THC,2024-09-03,2024-10-01,161.81,163.03,REBALANCE_ADJUST,0.75,7.5,28,0.0
NRG,2024-10-01,2024-11-01,90.52,85.11,REBALANCE_ADJUST,-5.98,-59.8,31,0.0
NVDA,2024-10-01,2024-11-01,116.93,135.32,REBALANCE_ADJUST,15.73,157.3,31,0.0
PBI,2024-10-01,2024-11-01,6.52,6.83,DROPPED_FROM_TOP,4.75,47.5,31,0.0
SE,2024-10-01,2024-11-01,97.59,95.48,REBALANCE_ADJUST,-2.16,-21.6,31,0.0
THC,2024-10-01,2024-11-01,163.03,156.29,REBALANCE_ADJUST,-4.14,-41.4,31,0.0
THC,2024-11-01,2024-12-02,156.29,142.17,REBALANCE_ADJUST,-9.03,-90.3,31,0.0
SE,2024-11-01,2024-12-02,95.48,113.13,DROPPED_FROM_TOP,18.49,184.9,31,0.0
NRG,2024-11-01,2024-12-02,85.11,97.36,DROPPED_FROM_TOP,14.39,143.9,31,0.0
GE,2024-11-01,2024-12-02,170.37,178.69,DROPPED_FROM_TOP,4.88,48.8,31,0.0
NVDA,2024-11-01,2024-12-02,135.32,138.55,REBALANCE_ADJUST,2.39,23.9,31,0.0
NVDA,2024-12-02,2025-01-02,138.55,138.24,REBALANCE_ADJUST,-0.22,-2.2,31,0.0
PBI,2024-12-02,2025-01-02,7.71,6.9,DROPPED_FROM_TOP,-10.49,-104.9,31,0.0
RCL,2024-12-02,2025-01-02,240.43,223.98,REBALANCE_ADJUST,-6.84,-68.4,31,0.0
THC,2024-12-02,2025-01-02,142.17,125.09,DROPPED_FROM_TOP,-12.01,-120.1,31,0.0
JEF,2025-01-02,2025-02-03,75.82,71.55,REBALANCE_ADJUST,-5.63,-56.3,32,0.0
NVDA,2025-01-02,2025-02-03,138.24,116.6,REBALANCE_ADJUST,-15.65,-156.5,32,0.0
RCL,2025-01-02,2025-02-03,223.98,254.61,DROPPED_FROM_TOP,13.68,136.8,32,0.0
SE,2025-01-02,2025-02-03,104.97,122.02,REBALANCE_ADJUST,16.24,162.4,32,0.0
UAL,2025-01-02,2025-02-03,95.53,104.93,REBALANCE_ADJUST,9.85,98.5,32,0.0
NVDA,2025-02-03,2025-03-03,116.6,114.0,REBALANCE_ADJUST,-2.23,-22.3,28,0.0
UAL,2025-02-03,2025-03-03,104.93,91.76,REBALANCE_ADJUST,-12.55,-125.5,28,0.0
JEF,2025-02-03,2025-03-03,71.55,61.41,DROPPED_FROM_TOP,-14.17,-141.7,28,0.0
SE,2025-02-03,2025-03-03,122.02,123.61,REBALANCE_ADJUST,1.3,13.0,28,0.0
NVDA,2025-03-03,2025-04-01,114.0,109.89,DROPPED_FROM_TOP,-3.61,-36.1,29,0.0
PBI,2025-03-03,2025-04-01,10.22,8.7,REBALANCE_ADJUST,-14.88,-148.8,29,0.0
RCL,2025-03-03,2025-04-01,235.81,203.84,DROPPED_FROM_TOP,-13.56,-135.6,29,0.0
SE,2025-03-03,2025-04-01,123.61,132.59,REBALANCE_ADJUST,7.26,72.6,29,0.0
UAL,2025-03-03,2025-04-01,91.76,68.27,REBALANCE_ADJUST,-25.6,-256.0,29,0.0
SE,2025-04-01,2025-05-01,132.59,137.45,REBALANCE_ADJUST,3.66,36.6,30,0.0
MMM,2025-04-01,2025-05-01,144.4,134.57,DROPPED_FROM_TOP,-6.8,-68.0,30,0.0
PBI,2025-04-01,2025-05-01,8.7,8.42,REBALANCE_ADJUST,-3.21,-32.1,30,0.0
UAL,2025-04-01,2025-05-01,68.27,69.09,DROPPED_FROM_TOP,1.21,12.1,30,0.0
SE,2025-05-01,2025-06-02,137.45,165.27,REBALANCE_ADJUST,20.24,202.4,32,0.0
PBI,2025-05-01,2025-06-02,8.42,9.96,REBALANCE_ADJUST,18.25,182.5,32,0.0
GME,2025-05-01,2025-06-02,27.46,30.67,REBALANCE_ADJUST,11.7,117.0,32,0.0
FOX,2025-05-01,2025-06-02,45.44,50.01,DROPPED_FROM_TOP,10.05,100.5,32,0.0
GME,2025-06-02,2025-07-01,30.67,23.66,DROPPED_FROM_TOP,-22.87,-228.7,29,0.0
NFLX,2025-06-02,2025-07-01,122.02,129.23,DROPPED_FROM_TOP,5.91,59.1,29,0.0
PBI,2025-06-02,2025-07-01,9.96,10.88,REBALANCE_ADJUST,9.25,92.5,29,0.0
SE,2025-06-02,2025-07-01,165.27,150.65,REBALANCE_ADJUST,-8.84,-88.4,29,0.0
NRG,2025-07-01,2025-08-01,154.35,166.01,DROPPED_FROM_TOP,7.55,75.5,31,0.0
PBI,2025-07-01,2025-08-01,10.88,10.91,REBALANCE_ADJUST,0.27,2.7,31,0.0
PM,2025-07-01,2025-08-01,172.92,158.41,DROPPED_FROM_TOP,-8.39,-83.9,31,0.0
SE,2025-07-01,2025-08-01,150.65,154.36,REBALANCE_ADJUST,2.47,24.7,31,0.0
TPR,2025-07-01,2025-08-01,85.92,105.06,REBALANCE_ADJUST,22.28,222.8,31,0.0
TPR,2025-08-01,2025-09-02,105.06,101.58,REBALANCE_ADJUST,-3.31,-33.1,32,0.0
RCL,2025-08-01,2025-09-02,309.28,348.48,REBALANCE_ADJUST,12.67,126.7,32,0.0
SE,2025-08-01,2025-09-02,154.36,178.96,REBALANCE_ADJUST,15.93,159.3,32,0.0
LB,2025-08-01,2025-09-02,55.07,54.66,DROPPED_FROM_TOP,-0.76,-7.6,32,0.0
PBI,2025-08-01,2025-09-02,10.91,11.71,DROPPED_FROM_TOP,7.31,73.1,32,0.0
AVGO,2025-09-02,2025-10-01,296.84,331.72,DROPPED_FROM_TOP,11.75,117.5,29,0.0
NRG,2025-09-02,2025-10-01,143.99,160.34,DROPPED_FROM_TOP,11.35,113.5,29,0.0
RCL,2025-09-02,2025-10-01,348.48,311.97,REBALANCE_ADJUST,-10.48,-104.8,29,0.0
SE,2025-09-02,2025-10-01,178.96,182.19,REBALANCE_ADJUST,1.81,18.1,29,0.0
TPR,2025-09-02,2025-10-01,101.58,112.92,REBALANCE_ADJUST,11.16,111.6,29,0.0
FOSL,2025-10-01,2025-11-03,2.57,2.06,DROPPED_FROM_TOP,-20.0,-200.0,33,0.0
RCL,2025-10-01,2025-11-03,311.97,273.69,DROPPED_FROM_TOP,-12.27,-122.7,33,0.0
SE,2025-10-01,2025-11-03,182.19,157.25,DROPPED_FROM_TOP,-13.69,-136.9,33,0.0
TPR,2025-10-01,2025-11-03,112.92,105.48,REBALANCE_ADJUST,-6.59,-65.9,33,0.0
UAL,2025-10-01,2025-11-03,93.24,96.01,DROPPED_FROM_TOP,2.97,29.7,33,0.0
WDC,2025-11-03,2025-12-01,157.93,163.45,REBALANCE_ADJUST,3.49,34.9,28,0.0
TPR,2025-11-03,2025-12-01,105.48,111.21,REBALANCE_ADJUST,5.43,54.3,28,0.0
STX,2025-11-03,2025-12-01,264.66,269.19,REBALANCE_ADJUST,1.71,17.1,28,0.0
AVGO,2025-11-03,2025-12-01,361.46,384.92,REBALANCE_ADJUST,6.49,64.9,28,0.0
AVGO,2025-12-01,2026-01-02,384.92,347.24,REBALANCE_ADJUST,-9.79,-97.9,32,0.0
STX,2025-12-01,2026-01-02,269.19,287.33,REBALANCE_ADJUST,6.74,67.4,32,0.0
TE,2025-12-01,2026-01-02,4.47,7.83,DROPPED_FROM_TOP,75.04,750.4,32,0.0
TPR,2025-12-01,2026-01-02,111.21,128.23,DROPPED_FROM_TOP,15.31,153.1,32,0.0
WDC,2025-12-01,2026-01-02,163.45,187.75,REBALANCE_ADJUST,14.87,148.7,32,0.0
AVGO,2026-01-02,2026-02-02,347.24,330.09,DROPPED_FROM_TOP,-4.94,-49.4,31,0.0
FOSL,2026-01-02,2026-02-02,3.82,3.55,DROPPED_FROM_TOP,-7.25,-72.5,31,0.0
MU,2026-01-02,2026-02-02,315.6,438.05,REBALANCE_ADJUST,38.8,388.0,31,0.0
STX,2026-01-02,2026-02-02,287.33,432.63,REBALANCE_ADJUST,50.57,505.7,31,0.0
WDC,2026-01-02,2026-02-02,187.75,270.3,REBALANCE_ADJUST,43.97,439.7,31,0.0
WDC,2026-02-02,2026-03-02,270.3,270.15,REBALANCE_ADJUST,-0.06,-0.6,28,0.0
STX,2026-02-02,2026-03-02,432.63,379.24,REBALANCE_ADJUST,-12.34,-123.4,28,0.0
MU,2026-02-02,2026-03-02,438.05,412.91,REBALANCE_ADJUST,-5.74,-57.4,28,0.0
LRCX,2026-02-02,2026-03-02,237.45,230.95,REBALANCE_ADJUST,-2.74,-27.4,28,0.0
NEM,2026-02-02,2026-03-02,112.47,128.04,DROPPED_FROM_TOP,13.84,138.4,28,0.0
LRCX,2026-03-02,2026-04-01,230.95,221.79,DROPPED_FROM_TOP,-3.97,-39.7,30,0.0
MU,2026-03-02,2026-04-01,412.91,368.22,REBALANCE_ADJUST,-10.82,-108.2,30,0.0
STX,2026-03-02,2026-04-01,379.24,423.54,REBALANCE_ADJUST,11.68,116.8,30,0.0
TE,2026-03-02,2026-04-01,6.85,4.48,REBALANCE_ADJUST,-34.5,-345.0,30,0.0
WDC,2026-03-02,2026-04-01,270.15,297.95,REBALANCE_ADJUST,10.29,102.9,30,0.0
WDC,2026-04-01,2026-05-01,297.95,431.84,REBALANCE_ADJUST,44.94,449.4,30,0.0
MU,2026-04-01,2026-05-01,368.22,542.75,REBALANCE_ADJUST,47.4,474.0,30,0.0
STX,2026-04-01,2026-05-01,423.54,727.66,REBALANCE_ADJUST,71.8,718.0,30,0.0
TE,2026-04-01,2026-05-01,4.48,5.14,DROPPED_FROM_TOP,14.73,147.3,30,0.0
MU,2026-05-01,2026-06-01,542.75,1036.54,REBALANCE_ADJUST,90.98,909.8,31,0.0
STX,2026-05-01,2026-06-01,727.66,922.18,REBALANCE_ADJUST,26.73,267.3,31,0.0
FOSL,2026-05-01,2026-06-01,4.32,4.13,DROPPED_FROM_TOP,-4.59,-45.9,31,0.0
WDC,2026-05-01,2026-06-01,431.84,546.6,REBALANCE_ADJUST,26.58,265.8,31,0.0
